{
    "dover": 0.6622501546428505,
    "dover_res_0": -0.07337146997451782,
    "dover_res_1": 0.13035468757152557,
    "video": "../NVC/encoded/bigbuckbunny_dcvcrt_1280x720_q42.mkv"
}