{
    "dover": 0.7381100198419562,
    "dover_res_0": -0.01905984804034233,
    "dover_res_1": 0.12183917313814163,
    "video": "../NVC/encoded/bigbuckbunny_vvc_3840x2160_q34.mkv"
}