{
    "dover": 0.5825365483726219,
    "dover_res_0": -0.09979709982872009,
    "dover_res_1": 0.11864971369504929,
    "video": "../NVC/encoded/bigbuckbunny_av1_1280x720_q48.mkv"
}