{
    "dover": 0.7374833281647976,
    "dover_res_0": -0.030046526342630386,
    "dover_res_1": 0.13035781681537628,
    "video": "../NVC/encoded/bigbuckbunny_dcvcfm_1920x1080_q59.mkv"
}