{
    "dover": 0.6945647034548118,
    "dover_res_0": -0.03910037875175476,
    "dover_res_1": 0.11716019362211227,
    "video": "../NVC/encoded/bigbuckbunny_av1_3840x2160_q61.mkv"
}