{
    "dover": 0.6841995654727324,
    "dover_res_0": -0.04565753415226936,
    "dover_res_1": 0.11774241179227829,
    "video": "../NVC/encoded/bigbuckbunny_av1_1920x1080_q55.mkv"
}