{
    "dover": 0.6707783119686649,
    "dover_res_0": -0.0818769633769989,
    "dover_res_1": 0.14090925455093384,
    "video": "../NVC/encoded/bigbuckbunny_dcvcfm_1920x1080_q18.mkv"
}