{
    "dover": 0.6856057851232569,
    "dover_res_0": -0.04832915961742401,
    "dover_res_1": 0.12052138894796371,
    "video": "../NVC/encoded/bigbuckbunny_vvc_3840x2160_q42.mkv"
}