{
    "dover": 0.6201986298145435,
    "dover_res_0": -0.08538511395454407,
    "dover_res_1": 0.12229097634553909,
    "video": "../NVC/encoded/bigbuckbunny_vvc_1920x1080_q45.mkv"
}