{
    "dover": 0.7325478970755523,
    "dover_res_0": -0.027712587267160416,
    "dover_res_1": 0.12602679431438446,
    "video": "../NVC/encoded/bigbuckbunny_dcvcfm_3840x2160_q63.mkv"
}