{
    "dover": 0.6474760698385565,
    "dover_res_0": -0.06865748763084412,
    "dover_res_1": 0.12023226916790009,
    "video": "../NVC/encoded/bigbuckbunny_vvc_1280x720_q41.mkv"
}