{
    "dover": 0.705423841072537,
    "dover_res_0": -0.050172436982393265,
    "dover_res_1": 0.13107073307037354,
    "video": "../NVC/encoded/bigbuckbunny_dcvcrt_3840x2160_q19.mkv"
}