{
    "dover": 0.6093870447766779,
    "dover_res_0": -0.07791223376989365,
    "dover_res_1": 0.11186081916093826,
    "video": "../NVC/encoded/bigbuckbunny_av1_1280x720_q61.mkv"
}