{
    "dover": 0.6488130750532776,
    "dover_res_0": -0.08847187459468842,
    "dover_res_1": 0.136729434132576,
    "video": "../NVC/encoded/bigbuckbunny_dcvcrt_1280x720_q17.mkv"
}