{
    "dover": 0.7328358121168209,
    "dover_res_0": -0.026645081117749214,
    "dover_res_1": 0.1253110021352768,
    "video": "../NVC/encoded/bigbuckbunny_av1_1920x1080_q36.mkv"
}