{
    "dover": 0.762809871446414,
    "dover_res_0": -0.012972486205399036,
    "dover_res_1": 0.1297299563884735,
    "video": "../NVC/encoded/bigbuckbunny_dcvcrt_3840x2160_q63.mkv"
}