{
    "dover": 0.5606818378950583,
    "dover_res_0": -0.11484844237565994,
    "dover_res_1": 0.12210284918546677,
    "video": "../NVC/encoded/bigbuckbunny_vvc_640x360_q34.mkv"
}