{
    "dover": 0.717398130175333,
    "dover_res_0": -0.03701953589916229,
    "dover_res_1": 0.12614721059799194,
    "video": "../NVC/encoded/bigbuckbunny_vvc_1920x1080_q27.mkv"
}