{
    "dover": 0.7469783576068189,
    "dover_res_0": -0.01748315989971161,
    "dover_res_1": 0.1250656396150589,
    "video": "../NVC/encoded/bigbuckbunny_vvc_3840x2160_q25.mkv"
}