{
    "dover": 0.5003003588327088,
    "dover_res_0": -0.12583543360233307,
    "dover_res_1": 0.10742280632257462,
    "video": "../NVC/encoded/bigbuckbunny_av1_640x360_q54.mkv"
}