{
    "dover": 0.7419194155860668,
    "dover_res_0": -0.020484138280153275,
    "dover_res_1": 0.12490222603082657,
    "video": "../NVC/encoded/bigbuckbunny_av1_3840x2160_q31.mkv"
}