{
    "dover": 0.6783289147891126,
    "dover_res_0": -0.07381747663021088,
    "dover_res_1": 0.13776187598705292,
    "video": "../NVC/encoded/bigbuckbunny_dcvcfm_1280x720_q25.mkv"
}