{
    "dover": 0.7133726454952365,
    "dover_res_0": -0.028435707092285156,
    "dover_res_1": 0.11733128875494003,
    "video": "../NVC/encoded/bigbuckbunny_av1_3840x2160_q50.mkv"
}