{
    "dover": 0.7219635018350824,
    "dover_res_0": -0.037826020270586014,
    "dover_res_1": 0.12898772954940796,
    "video": "../NVC/encoded/bigbuckbunny_dcvcfm_3840x2160_q26.mkv"
}