{
    "dover": 0.5746583677900465,
    "dover_res_0": -0.12351334095001221,
    "dover_res_1": 0.13458575308322906,
    "video": "../NVC/encoded/bigbuckbunny_dcvcfm_640x360_q38.mkv"
}