{
    "dover": 0.7118781427191181,
    "dover_res_0": -0.040377307683229446,
    "dover_res_1": 0.12622450292110443,
    "video": "../NVC/encoded/bigbuckbunny_vvc_1920x1080_q36.mkv"
}