{
    "dover": 0.7411909090324714,
    "dover_res_0": -0.022254323586821556,
    "dover_res_1": 0.12595710158348083,
    "video": "../NVC/encoded/bigbuckbunny_dcvcrt_3840x2160_q39.mkv"
}