{
    "dover": 0.7629733655440993,
    "dover_res_0": -0.013988055288791656,
    "dover_res_1": 0.13063395023345947,
    "video": "../NVC/encoded/bigbuckbunny_dcvcrt_1920x1080_q58.mkv"
}