{
    "dover": 0.6958495790991276,
    "dover_res_0": -0.05625471845269203,
    "dover_res_1": 0.13153836131095886,
    "video": "../NVC/encoded/bigbuckbunny_dcvcrt_1920x1080_q32.mkv"
}