{
    "dover": 0.6428409776689421,
    "dover_res_0": -0.09282954037189484,
    "dover_res_1": 0.13770344853401184,
    "video": "../NVC/encoded/bigbuckbunny_dcvcrt_1920x1080_q10.mkv"
}