{
    "dover": 0.735732632411489,
    "dover_res_0": -0.03206901624798775,
    "dover_res_1": 0.13110965490341187,
    "video": "../NVC/encoded/bigbuckbunny_dcvcfm_1920x1080_q37.mkv"
}