{
    "dover": 0.5474023733461953,
    "dover_res_0": -0.1334298849105835,
    "dover_res_1": 0.13183431327342987,
    "video": "../NVC/encoded/bigbuckbunny_dcvcrt_640x360_q34.mkv"
}