{
    "dover": 0.72001894246803,
    "dover_res_0": -0.042363617569208145,
    "dover_res_1": 0.13169921934604645,
    "video": "../NVC/encoded/bigbuckbunny_dcvcfm_1280x720_q46.mkv"
}