{
    "dover": 0.7376501775534291,
    "dover_res_0": -0.02575310878455639,
    "dover_res_1": 0.12698973715305328,
    "video": "../NVC/encoded/bigbuckbunny_dcvcfm_3840x2160_q43.mkv"
}