{
    "dover": 0.6904688751333655,
    "dover_res_0": -0.0528036504983902,
    "dover_res_1": 0.12631329894065857,
    "video": "../NVC/encoded/bigbuckbunny_vvc_1280x720_q32.mkv"
}