{
    "dover": 0.6108436889604713,
    "dover_res_0": -0.07056789845228195,
    "dover_res_1": 0.1065497174859047,
    "video": "../NVC/encoded/bigbuckbunny_av1_1920x1080_q63.mkv"
}