{
    "dover": 0.3198968971905658,
    "dover_res_0": -0.09524200111627579,
    "dover_res_1": 0.009648933075368404,
    "video": "../NVC/encoded/daydreamer_dcvcfm_3840x2160_q26.mkv"
}