{
    "dover": 0.3439459508457539,
    "dover_res_0": -0.09997875988483429,
    "dover_res_1": 0.023965908214449883,
    "video": "../NVC/encoded/daydreamer_dcvcrt_3840x2160_q39.mkv"
}