{
    "dover": 0.26790177549007566,
    "dover_res_0": -0.1218651756644249,
    "dover_res_1": 0.006733207497745752,
    "video": "../NVC/encoded/daydreamer_dcvcrt_640x360_q34.mkv"
}