{
    "dover": 0.36903974718395366,
    "dover_res_0": -0.09585702419281006,
    "dover_res_1": 0.03125172108411789,
    "video": "../NVC/encoded/daydreamer_dcvcrt_1920x1080_q32.mkv"
}