{
    "dover": 0.2773564467065061,
    "dover_res_0": -0.09534083306789398,
    "dover_res_1": -0.009971480816602707,
    "video": "../NVC/encoded/daydreamer_dcvcrt_1920x1080_q10.mkv"
}