{
    "dover": 0.3667373696321835,
    "dover_res_0": -0.09262964129447937,
    "dover_res_1": 0.027698080986738205,
    "video": "../NVC/encoded/daydreamer_dcvcfm_1920x1080_q59.mkv"
}