{
    "dover": 0.35356644106905616,
    "dover_res_0": -0.10370595008134842,
    "dover_res_1": 0.031065603718161583,
    "video": "../NVC/encoded/daydreamer_dcvcfm_1280x720_q46.mkv"
}