{
    "dover": 0.3828773894357322,
    "dover_res_0": -0.0861155316233635,
    "dover_res_1": 0.029134156182408333,
    "video": "../NVC/encoded/daydreamer_vvc_1920x1080_q27.mkv"
}