{
    "dover": 0.1405048858707495,
    "dover_res_0": -0.14742696285247803,
    "dover_res_1": -0.050774604082107544,
    "video": "../NVC/encoded/daydreamer_av1_640x360_q54.mkv"
}