{
    "dover": 0.18145169150788842,
    "dover_res_0": -0.12186736613512039,
    "dover_res_1": -0.041820280253887177,
    "video": "../NVC/encoded/daydreamer_vvc_1920x1080_q45.mkv"
}