{
    "dover": 0.3197909048942942,
    "dover_res_0": -0.10112045705318451,
    "dover_res_1": 0.014327566139400005,
    "video": "../NVC/encoded/daydreamer_vvc_3840x2160_q25.mkv"
}