{
    "dover": 0.32592706220228024,
    "dover_res_0": -0.11450070887804031,
    "dover_res_1": 0.027803191915154457,
    "video": "../NVC/encoded/daydreamer_dcvcfm_1920x1080_q37.mkv"
}