{
    "dover": 0.39112945671255706,
    "dover_res_0": -0.08250956237316132,
    "dover_res_1": 0.02960488758981228,
    "video": "../NVC/encoded/daydreamer_dcvcfm_3840x2160_q43.mkv"
}