{
    "dover": 0.20373033673787033,
    "dover_res_0": -0.11777468770742416,
    "dover_res_1": -0.031219303607940674,
    "video": "../NVC/encoded/daydreamer_vvc_1280x720_q41.mkv"
}