{
    "dover": 0.359841146558494,
    "dover_res_0": -0.09348417073488235,
    "dover_res_1": 0.02549697645008564,
    "video": "../NVC/encoded/daydreamer_dcvcrt_1920x1080_q58.mkv"
}