{
    "dover": 0.3133884535185521,
    "dover_res_0": -0.1011631116271019,
    "dover_res_1": 0.011495290324091911,
    "video": "../NVC/encoded/daydreamer_vvc_1920x1080_q36.mkv"
}