{
    "dover": 0.28496960889694145,
    "dover_res_0": -0.11633274704217911,
    "dover_res_1": 0.010553463362157345,
    "video": "../NVC/encoded/daydreamer_dcvcfm_3840x2160_q63.mkv"
}