{
    "dover": 0.19918946989367714,
    "dover_res_0": -0.15118364989757538,
    "dover_res_1": -0.0070953816175460815,
    "video": "../NVC/encoded/daydreamer_dcvcfm_640x360_q38.mkv"
}