{
    "dover": 0.2077722849053695,
    "dover_res_0": -0.13210241496562958,
    "dover_res_1": -0.017304910346865654,
    "video": "../NVC/encoded/daydreamer_vvc_640x360_q34.mkv"
}