{
    "dover": 0.2356157712222577,
    "dover_res_0": -0.1085725873708725,
    "dover_res_1": -0.020573139190673828,
    "video": "../NVC/encoded/daydreamer_dcvcfm_1920x1080_q18.mkv"
}