{
    "dover": 0.28643963877108347,
    "dover_res_0": -0.11170310527086258,
    "dover_res_1": 0.007529358845204115,
    "video": "../NVC/encoded/daydreamer_av1_3840x2160_q31.mkv"
}