{
    "dover": 0.24554770963005462,
    "dover_res_0": -0.11178788542747498,
    "dover_res_1": -0.012721790932118893,
    "video": "../NVC/encoded/daydreamer_dcvcfm_1280x720_q25.mkv"
}