{
    "dover": 0.10228220779617361,
    "dover_res_0": -0.1463354378938675,
    "dover_res_1": -0.08662332594394684,
    "video": "../NVC/encoded/daydreamer_av1_1920x1080_q63.mkv"
}