{
    "dover": 0.23341850683233423,
    "dover_res_0": -0.10453275591135025,
    "dover_res_1": -0.025006508454680443,
    "video": "../NVC/encoded/daydreamer_av1_3840x2160_q61.mkv"
}