{
    "dover": 0.16379951025066233,
    "dover_res_0": -0.12743742763996124,
    "dover_res_1": -0.04932330176234245,
    "video": "../NVC/encoded/daydreamer_av1_1280x720_q61.mkv"
}