{
    "dover": 0.3309941463701643,
    "dover_res_0": -0.09474702179431915,
    "dover_res_1": 0.01414805743843317,
    "video": "../NVC/encoded/daydreamer_av1_1920x1080_q36.mkv"
}