{
    "dover": 0.37104781113612056,
    "dover_res_0": -0.0961577370762825,
    "dover_res_1": 0.03232791647315025,
    "video": "../NVC/encoded/daydreamer_dcvcrt_1280x720_q42.mkv"
}