{
    "dover": 0.24723120942495108,
    "dover_res_0": -0.1188223659992218,
    "dover_res_1": -0.006188335362821817,
    "video": "../NVC/encoded/daydreamer_dcvcrt_1280x720_q17.mkv"
}