{
    "dover": 0.26641818601181116,
    "dover_res_0": -0.12517565488815308,
    "dover_res_1": 0.008660544641315937,
    "video": "../NVC/encoded/daydreamer_dcvcrt_3840x2160_q63.mkv"
}