{
    "dover": 0.3192255078296272,
    "dover_res_0": -0.09691011160612106,
    "dover_res_1": 0.010690867900848389,
    "video": "../NVC/encoded/daydreamer_av1_3840x2160_q50.mkv"
}