{
    "dover": 0.2588778869345522,
    "dover_res_0": -0.10889356583356857,
    "dover_res_1": -0.008200784213840961,
    "video": "../NVC/encoded/daydreamer_av1_1920x1080_q55.mkv"
}