{
    "dover": 0.284905310885848,
    "dover_res_0": -0.10211197286844254,
    "dover_res_1": -0.000909522466827184,
    "video": "../NVC/encoded/daydreamer_av1_1280x720_q48.mkv"
}