{
    "dover": 0.3635158391846935,
    "dover_res_0": -0.08277847617864609,
    "dover_res_1": 0.01843227446079254,
    "video": "../NVC/encoded/daydreamer_vvc_3840x2160_q34.mkv"
}