{
    "dover": 0.2726441018028981,
    "dover_res_0": -0.10483061522245407,
    "dover_res_1": -0.004632007796317339,
    "video": "../NVC/encoded/daydreamer_vvc_3840x2160_q42.mkv"
}