{
    "dover": 0.3270226784111665,
    "dover_res_0": -0.10141529142856598,
    "dover_res_1": 0.01776617206633091,
    "video": "../NVC/encoded/daydreamer_vvc_1280x720_q32.mkv"
}