{
    "dover": 0.33413737219785544,
    "dover_res_0": -0.10157008469104767,
    "dover_res_1": 0.02100502885878086,
    "video": "../NVC/encoded/daydreamer_dcvcrt_3840x2160_q19.mkv"
}