{
    "dover": 0.5592416123101995,
    "dover_res_0": -0.07750778645277023,
    "dover_res_1": 0.0915176197886467,
    "video": "../NVC/encoded/giftmord_dcvcfm_1920x1080_q37.mkv"
}