{
    "dover": 0.48520260530752535,
    "dover_res_0": -0.09678004682064056,
    "dover_res_1": 0.07821282744407654,
    "video": "../NVC/encoded/giftmord_dcvcfm_1920x1080_q18.mkv"
}