{
    "dover": 0.553954687994805,
    "dover_res_0": -0.06555335223674774,
    "dover_res_1": 0.07983200997114182,
    "video": "../NVC/encoded/giftmord_dcvcfm_3840x2160_q43.mkv"
}