{
    "dover": 0.5478443853906833,
    "dover_res_0": -0.06990204751491547,
    "dover_res_1": 0.08093561977148056,
    "video": "../NVC/encoded/giftmord_av1_1920x1080_q36.mkv"
}