{
    "dover": 0.4515976328463166,
    "dover_res_0": -0.12618760764598846,
    "dover_res_1": 0.08877595514059067,
    "video": "../NVC/encoded/giftmord_dcvcrt_640x360_q34.mkv"
}