{
    "dover": 0.4018659604471297,
    "dover_res_0": -0.12586894631385803,
    "dover_res_1": 0.06880909204483032,
    "video": "../NVC/encoded/giftmord_av1_1280x720_q61.mkv"
}