{
    "dover": 0.5475619192732364,
    "dover_res_0": -0.07418568432331085,
    "dover_res_1": 0.08426888287067413,
    "video": "../NVC/encoded/giftmord_vvc_1920x1080_q27.mkv"
}