{
    "dover": 0.41937880725483856,
    "dover_res_0": -0.1330278068780899,
    "dover_res_1": 0.08157487213611603,
    "video": "../NVC/encoded/giftmord_vvc_640x360_q34.mkv"
}