{
    "dover": 0.5354011208676439,
    "dover_res_0": -0.07107486575841904,
    "dover_res_1": 0.07702312618494034,
    "video": "../NVC/encoded/giftmord_dcvcfm_3840x2160_q26.mkv"
}