{
    "dover": 0.5370197814005787,
    "dover_res_0": -0.08111235499382019,
    "dover_res_1": 0.08572299778461456,
    "video": "../NVC/encoded/giftmord_dcvcrt_3840x2160_q19.mkv"
}