{
    "dover": 0.44308842060927006,
    "dover_res_0": -0.09672204405069351,
    "dover_res_1": 0.06175372749567032,
    "video": "../NVC/encoded/giftmord_av1_3840x2160_q31.mkv"
}