{
    "dover": 0.5136024938265351,
    "dover_res_0": -0.06773857772350311,
    "dover_res_1": 0.0658729076385498,
    "video": "../NVC/encoded/giftmord_dcvcrt_3840x2160_q63.mkv"
}