{
    "dover": 0.4877275528692638,
    "dover_res_0": -0.09443717449903488,
    "dover_res_1": 0.07730840891599655,
    "video": "../NVC/encoded/giftmord_vvc_1920x1080_q36.mkv"
}