{
    "dover": 0.42243982789107926,
    "dover_res_0": -0.12258996814489365,
    "dover_res_1": 0.0744001567363739,
    "video": "../NVC/encoded/giftmord_vvc_1280x720_q41.mkv"
}