{
    "dover": 0.4925903550001629,
    "dover_res_0": -0.10486113280057907,
    "dover_res_1": 0.08757343143224716,
    "video": "../NVC/encoded/giftmord_dcvcrt_1280x720_q42.mkv"
}