{
    "dover": 0.43187534800288346,
    "dover_res_0": -0.13945063948631287,
    "dover_res_1": 0.09169027209281921,
    "video": "../NVC/encoded/giftmord_dcvcfm_640x360_q38.mkv"
}