{
    "dover": 0.47521049880752997,
    "dover_res_0": -0.09459826350212097,
    "dover_res_1": 0.07258094847202301,
    "video": "../NVC/encoded/giftmord_vvc_3840x2160_q25.mkv"
}