{
    "dover": 0.5518533846440148,
    "dover_res_0": -0.06835323572158813,
    "dover_res_1": 0.08125948160886765,
    "video": "../NVC/encoded/giftmord_dcvcrt_3840x2160_q39.mkv"
}