{
    "dover": 0.5760128313262312,
    "dover_res_0": -0.06156928464770317,
    "dover_res_1": 0.0853244736790657,
    "video": "../NVC/encoded/giftmord_dcvcfm_1920x1080_q59.mkv"
}