{
    "dover": 0.5190747437039404,
    "dover_res_0": -0.0785936638712883,
    "dover_res_1": 0.07672221213579178,
    "video": "../NVC/encoded/giftmord_vvc_3840x2160_q42.mkv"
}