{
    "dover": 0.3753323811832528,
    "dover_res_0": -0.12824313342571259,
    "dover_res_1": 0.059896428138017654,
    "video": "../NVC/encoded/giftmord_av1_1920x1080_q63.mkv"
}