{
    "dover": 0.479174941656033,
    "dover_res_0": -0.09177177399396896,
    "dover_res_1": 0.07184799760580063,
    "video": "../NVC/encoded/giftmord_av1_3840x2160_q61.mkv"
}