{
    "dover": 0.5170087994956865,
    "dover_res_0": -0.0765317752957344,
    "dover_res_1": 0.0742630660533905,
    "video": "../NVC/encoded/giftmord_vvc_3840x2160_q34.mkv"
}