{
    "dover": 0.36591341126180127,
    "dover_res_0": -0.14470727741718292,
    "dover_res_1": 0.06922068446874619,
    "video": "../NVC/encoded/giftmord_av1_640x360_q54.mkv"
}