{
    "dover": 0.41658579927954825,
    "dover_res_0": -0.10774584859609604,
    "dover_res_1": 0.06013796105980873,
    "video": "../NVC/encoded/giftmord_vvc_1920x1080_q45.mkv"
}