{
    "dover": 0.48219914248624324,
    "dover_res_0": -0.08312904089689255,
    "dover_res_1": 0.0660734549164772,
    "video": "../NVC/encoded/giftmord_dcvcfm_3840x2160_q63.mkv"
}