{
    "dover": 0.5201653702436411,
    "dover_res_0": -0.08806207776069641,
    "dover_res_1": 0.08475733548402786,
    "video": "../NVC/encoded/giftmord_dcvcrt_1920x1080_q32.mkv"
}