{
    "dover": 0.4885800779523743,
    "dover_res_0": -0.10331211984157562,
    "dover_res_1": 0.0847737044095993,
    "video": "../NVC/encoded/giftmord_dcvcrt_1920x1080_q10.mkv"
}