{
    "dover": 0.5761483134351976,
    "dover_res_0": -0.07537452131509781,
    "dover_res_1": 0.09647656977176666,
    "video": "../NVC/encoded/giftmord_dcvcfm_1280x720_q46.mkv"
}