{
    "dover": 0.5181698295623369,
    "dover_res_0": -0.07776817679405212,
    "dover_res_1": 0.07570746541023254,
    "video": "../NVC/encoded/giftmord_av1_3840x2160_q50.mkv"
}