{
    "dover": 0.5105253381222997,
    "dover_res_0": -0.087529756128788,
    "dover_res_1": 0.08059048652648926,
    "video": "../NVC/encoded/giftmord_vvc_1280x720_q32.mkv"
}