{
    "dover": 0.526031450060254,
    "dover_res_0": -0.07905273884534836,
    "dover_res_1": 0.07979235798120499,
    "video": "../NVC/encoded/giftmord_dcvcrt_1920x1080_q58.mkv"
}