{
    "dover": 0.5109717316135972,
    "dover_res_0": -0.09935905784368515,
    "dover_res_1": 0.09027338773012161,
    "video": "../NVC/encoded/giftmord_dcvcfm_1280x720_q25.mkv"
}