{
    "dover": 0.4835792976663694,
    "dover_res_0": -0.0912771224975586,
    "dover_res_1": 0.07315929234027863,
    "video": "../NVC/encoded/giftmord_av1_1920x1080_q55.mkv"
}