{
    "dover": 0.47314988685631304,
    "dover_res_0": -0.10150440037250519,
    "dover_res_1": 0.07733238488435745,
    "video": "../NVC/encoded/giftmord_av1_1280x720_q48.mkv"
}