{
    "dover": 0.44336694230176,
    "dover_res_0": -0.12793925404548645,
    "dover_res_1": 0.08695930987596512,
    "video": "../NVC/encoded/giftmord_dcvcrt_1280x720_q17.mkv"
}