{
    "dover": 0.22781862654019472,
    "dover_res_0": -0.19331251084804535,
    "dover_res_1": 0.04330830276012421,
    "video": "../NVC/encoded/sparks15_dcvcfm_1280x720_q25.mkv"
}