{
    "dover": 0.6760545519446481,
    "dover_res_0": -0.050936125218868256,
    "dover_res_1": 0.11835918575525284,
    "video": "../NVC/encoded/sparks15_dcvcfm_1920x1080_q59.mkv"
}