{
    "dover": 0.35670154915305413,
    "dover_res_0": -0.15105478465557098,
    "dover_res_1": 0.07045654952526093,
    "video": "../NVC/encoded/sparks15_dcvcfm_1920x1080_q18.mkv"
}