{
    "dover": 0.6871648556570442,
    "dover_res_0": -0.047510795295238495,
    "dover_res_1": 0.12056507915258408,
    "video": "../NVC/encoded/sparks15_dcvcrt_1920x1080_q58.mkv"
}