{
    "dover": 0.47567907923032765,
    "dover_res_0": -0.125697523355484,
    "dover_res_1": 0.09776438027620316,
    "video": "../NVC/encoded/sparks15_dcvcrt_1280x720_q42.mkv"
}