{
    "dover": 0.3057822303242508,
    "dover_res_0": -0.17145757377147675,
    "dover_res_1": 0.06455937772989273,
    "video": "../NVC/encoded/sparks15_dcvcfm_640x360_q38.mkv"
}