{
    "dover": 0.20781646821146704,
    "dover_res_0": -0.19500765204429626,
    "dover_res_1": 0.033292096108198166,
    "video": "../NVC/encoded/sparks15_dcvcrt_1280x720_q17.mkv"
}