{
    "dover": 0.6302325553689407,
    "dover_res_0": -0.06707891821861267,
    "dover_res_1": 0.1117224171757698,
    "video": "../NVC/encoded/sparks15_av1_1920x1080_q36.mkv"
}