{
    "dover": 0.27792031328544253,
    "dover_res_0": -0.17324520647525787,
    "dover_res_1": 0.05293003469705582,
    "video": "../NVC/encoded/sparks15_dcvcrt_1920x1080_q10.mkv"
}