{
    "dover": 0.6284325024566237,
    "dover_res_0": -0.07012463361024857,
    "dover_res_1": 0.11342345178127289,
    "video": "../NVC/encoded/sparks15_vvc_1920x1080_q27.mkv"
}