{
    "dover": 0.6691407681946157,
    "dover_res_0": -0.0542655810713768,
    "dover_res_1": 0.11799441277980804,
    "video": "../NVC/encoded/sparks15_av1_3840x2160_q31.mkv"
}