{
    "dover": 0.16467612477343763,
    "dover_res_0": -0.2045128494501114,
    "dover_res_1": 0.013258089311420918,
    "video": "../NVC/encoded/sparks15_av1_640x360_q54.mkv"
}