{
    "dover": 0.297014438482181,
    "dover_res_0": -0.1581965535879135,
    "dover_res_1": 0.049864623695611954,
    "video": "../NVC/encoded/sparks15_vvc_1920x1080_q45.mkv"
}