{
    "dover": 0.11166564690629706,
    "dover_res_0": -0.22015640139579773,
    "dover_res_1": -0.017756573855876923,
    "video": "../NVC/encoded/sparks15_av1_1280x720_q61.mkv"
}