{
    "dover": 0.5972578160672195,
    "dover_res_0": -0.07355654984712601,
    "dover_res_1": 0.10344947874546051,
    "video": "../NVC/encoded/sparks15_vvc_3840x2160_q42.mkv"
}