{
    "dover": 0.6463820961260826,
    "dover_res_0": -0.05462150648236275,
    "dover_res_1": 0.10848446190357208,
    "video": "../NVC/encoded/sparks15_av1_3840x2160_q50.mkv"
}