{
    "dover": 0.46528155398062543,
    "dover_res_0": -0.12036467343568802,
    "dover_res_1": 0.08943416178226471,
    "video": "../NVC/encoded/sparks15_vvc_1280x720_q32.mkv"
}