{
    "dover": 0.5844879619536445,
    "dover_res_0": -0.08002118021249771,
    "dover_res_1": 0.10352920740842819,
    "video": "../NVC/encoded/sparks15_vvc_1920x1080_q36.mkv"
}