{
    "dover": 0.674658831736938,
    "dover_res_0": -0.055691372603178024,
    "dover_res_1": 0.12156538665294647,
    "video": "../NVC/encoded/sparks15_dcvcfm_3840x2160_q43.mkv"
}