{
    "dover": 0.6016840173547926,
    "dover_res_0": -0.07674785703420639,
    "dover_res_1": 0.10780077427625656,
    "video": "../NVC/encoded/sparks15_vvc_3840x2160_q34.mkv"
}