{
    "dover": 0.1725205304202721,
    "dover_res_0": -0.20182915031909943,
    "dover_res_1": 0.01652241311967373,
    "video": "../NVC/encoded/sparks15_av1_1920x1080_q63.mkv"
}