{
    "dover": 0.7002026033127802,
    "dover_res_0": -0.038302890956401825,
    "dover_res_1": 0.1191069632768631,
    "video": "../NVC/encoded/sparks15_dcvcrt_3840x2160_q63.mkv"
}