{
    "dover": 0.24836243643737876,
    "dover_res_0": -0.193539097905159,
    "dover_res_1": 0.05446610972285271,
    "video": "../NVC/encoded/sparks15_dcvcrt_640x360_q34.mkv"
}