{
    "dover": 0.542121669587552,
    "dover_res_0": -0.10755503922700882,
    "dover_res_1": 0.10897022485733032,
    "video": "../NVC/encoded/sparks15_dcvcrt_3840x2160_q19.mkv"
}