{
    "dover": 0.5632687359029444,
    "dover_res_0": -0.10146775841712952,
    "dover_res_1": 0.112363800406456,
    "video": "../NVC/encoded/sparks15_dcvcfm_3840x2160_q26.mkv"
}