{
    "dover": 0.6379953226858791,
    "dover_res_0": -0.07553333789110184,
    "dover_res_1": 0.12176027148962021,
    "video": "../NVC/encoded/sparks15_dcvcfm_1920x1080_q37.mkv"
}