{
    "dover": 0.3031044531477737,
    "dover_res_0": -0.16799648106098175,
    "dover_res_1": 0.060551967471838,
    "video": "../NVC/encoded/sparks15_vvc_640x360_q34.mkv"
}