{
    "dover": 0.6077966788448516,
    "dover_res_0": -0.07743129134178162,
    "dover_res_1": 0.11082744598388672,
    "video": "../NVC/encoded/sparks15_dcvcrt_1920x1080_q32.mkv"
}