{
    "dover": 0.6726000671441829,
    "dover_res_0": -0.047219034284353256,
    "dover_res_1": 0.11384716629981995,
    "video": "../NVC/encoded/sparks15_vvc_3840x2160_q25.mkv"
}