{
    "dover": 0.5584688769712649,
    "dover_res_0": -0.07820215076208115,
    "dover_res_1": 0.09177221357822418,
    "video": "../NVC/encoded/sparks15_av1_1920x1080_q55.mkv"
}