{
    "dover": 0.5226723326797597,
    "dover_res_0": -0.10525192320346832,
    "dover_res_1": 0.09954982995986938,
    "video": "../NVC/encoded/sparks15_dcvcfm_1280x720_q46.mkv"
}