{
    "dover": 0.2184192408652212,
    "dover_res_0": -0.18604671955108643,
    "dover_res_1": 0.032213736325502396,
    "video": "../NVC/encoded/sparks15_vvc_1280x720_q41.mkv"
}