{
    "dover": 0.4165096015450982,
    "dover_res_0": -0.1355058252811432,
    "dover_res_1": 0.08242449164390564,
    "video": "../NVC/encoded/sparks15_av1_1280x720_q48.mkv"
}