{
    "dover": 0.5101929726418188,
    "dover_res_0": -0.09193785488605499,
    "dover_res_1": 0.08400542289018631,
    "video": "../NVC/encoded/sparks15_av1_3840x2160_q61.mkv"
}