{
    "dover": 0.7013719383621145,
    "dover_res_0": -0.03937374800443649,
    "dover_res_1": 0.12050805240869522,
    "video": "../NVC/encoded/sparks15_dcvcfm_3840x2160_q63.mkv"
}