{
    "dover": 0.6895815646237948,
    "dover_res_0": -0.044468678534030914,
    "dover_res_1": 0.11921076476573944,
    "video": "../NVC/encoded/sparks15_dcvcrt_3840x2160_q39.mkv"
}