{
    "dover": 0.5834824087087874,
    "dover_res_0": -0.13017570972442627,
    "dover_res_1": 0.14344868063926697,
    "video": "../NVC/encoded/vegetables_dcvcrt_1280x720_q17.mkv"
}