{
    "dover": 0.5194950681453256,
    "dover_res_0": -0.1426987200975418,
    "dover_res_1": 0.128420889377594,
    "video": "../NVC/encoded/vegetables_vvc_640x360_q34.mkv"
}