{
    "dover": 0.6681101751811609,
    "dover_res_0": -0.08235661685466766,
    "dover_res_1": 0.14012688398361206,
    "video": "../NVC/encoded/vegetables_vvc_3840x2160_q25.mkv"
}