{
    "dover": 0.5565629551853004,
    "dover_res_0": -0.13295826315879822,
    "dover_res_1": 0.13504354655742645,
    "video": "../NVC/encoded/vegetables_dcvcfm_1280x720_q25.mkv"
}