{
    "dover": 0.6857667822021872,
    "dover_res_0": -0.07549461722373962,
    "dover_res_1": 0.14243270456790924,
    "video": "../NVC/encoded/vegetables_vvc_1920x1080_q27.mkv"
}