{
    "dover": 0.7277054910936167,
    "dover_res_0": -0.0492122508585453,
    "dover_res_1": 0.14093023538589478,
    "video": "../NVC/encoded/vegetables_dcvcrt_3840x2160_q63.mkv"
}