{
    "dover": 0.579113481115948,
    "dover_res_0": -0.13574513792991638,
    "dover_res_1": 0.14618724584579468,
    "video": "../NVC/encoded/vegetables_dcvcrt_3840x2160_q19.mkv"
}