{
    "dover": 0.632212526812337,
    "dover_res_0": -0.11097992211580276,
    "dover_res_1": 0.14783941209316254,
    "video": "../NVC/encoded/vegetables_dcvcrt_1920x1080_q32.mkv"
}