{
    "dover": 0.688646857166553,
    "dover_res_0": -0.07162841409444809,
    "dover_res_1": 0.14062248170375824,
    "video": "../NVC/encoded/vegetables_dcvcfm_3840x2160_q43.mkv"
}