{
    "dover": 0.5915994291921207,
    "dover_res_0": -0.12309928983449936,
    "dover_res_1": 0.14100445806980133,
    "video": "../NVC/encoded/vegetables_dcvcfm_1920x1080_q37.mkv"
}