{
    "dover": 0.6332969692058266,
    "dover_res_0": -0.0932154506444931,
    "dover_res_1": 0.1340101957321167,
    "video": "../NVC/encoded/vegetables_dcvcfm_3840x2160_q26.mkv"
}