{
    "dover": 0.5890739806364574,
    "dover_res_0": -0.12171187251806259,
    "dover_res_1": 0.1388775110244751,
    "video": "../NVC/encoded/vegetables_vvc_1280x720_q32.mkv"
}