{
    "dover": 0.6600942372818306,
    "dover_res_0": -0.09202176332473755,
    "dover_res_1": 0.14441587030887604,
    "video": "../NVC/encoded/vegetables_dcvcrt_3840x2160_q39.mkv"
}