{
    "dover": 0.5105291581124276,
    "dover_res_0": -0.15837016701698303,
    "dover_res_1": 0.1375422477722168,
    "video": "../NVC/encoded/vegetables_dcvcfm_640x360_q38.mkv"
}