{
    "dover": 0.665182039097913,
    "dover_res_0": -0.08858998119831085,
    "dover_res_1": 0.14386166632175446,
    "video": "../NVC/encoded/vegetables_dcvcfm_1920x1080_q59.mkv"
}