{
    "dover": 0.5927890328002736,
    "dover_res_0": -0.1219540536403656,
    "dover_res_1": 0.14056093990802765,
    "video": "../NVC/encoded/vegetables_dcvcrt_1920x1080_q10.mkv"
}