{
    "dover": 0.6804545163892974,
    "dover_res_0": -0.07620473951101303,
    "dover_res_1": 0.14062635600566864,
    "video": "../NVC/encoded/vegetables_vvc_3840x2160_q34.mkv"
}