{
    "dover": 0.6054063357293931,
    "dover_res_0": -0.12495629489421844,
    "dover_res_1": 0.14806361496448517,
    "video": "../NVC/encoded/vegetables_dcvcfm_1280x720_q46.mkv"
}