{
    "dover": 0.48850546403432393,
    "dover_res_0": -0.13620181381702423,
    "dover_res_1": 0.11118558049201965,
    "video": "../NVC/encoded/vegetables_av1_1280x720_q61.mkv"
}