{
    "dover": 0.6167872274376225,
    "dover_res_0": -0.10093769431114197,
    "dover_res_1": 0.1333935707807541,
    "video": "../NVC/encoded/vegetables_av1_1920x1080_q55.mkv"
}