{
    "dover": 0.6531650767490825,
    "dover_res_0": -0.09347498416900635,
    "dover_res_1": 0.14260706305503845,
    "video": "../NVC/encoded/vegetables_av1_3840x2160_q31.mkv"
}