{
    "dover": 0.6330270560885024,
    "dover_res_0": -0.09071938693523407,
    "dover_res_1": 0.13189098238945007,
    "video": "../NVC/encoded/vegetables_av1_3840x2160_q50.mkv"
}