{
    "dover": 0.5186221671270792,
    "dover_res_0": -0.1142803505063057,
    "dover_res_1": 0.10523597151041031,
    "video": "../NVC/encoded/vegetables_av1_1920x1080_q63.mkv"
}