{
    "dover": 0.6202430477070606,
    "dover_res_0": -0.10560091584920883,
    "dover_res_1": 0.1385612040758133,
    "video": "../NVC/encoded/vegetables_vvc_1920x1080_q36.mkv"
}