{
    "dover": 0.5784917278093977,
    "dover_res_0": -0.12041057646274567,
    "dover_res_1": 0.13361237943172455,
    "video": "../NVC/encoded/vegetables_dcvcfm_1920x1080_q18.mkv"
}