{
    "dover": 0.5919718449900268,
    "dover_res_0": -0.1131892129778862,
    "dover_res_1": 0.13318684697151184,
    "video": "../NVC/encoded/vegetables_av1_1280x720_q48.mkv"
}