{
    "dover": 0.6217042689536478,
    "dover_res_0": -0.0847538486123085,
    "dover_res_1": 0.12240314483642578,
    "video": "../NVC/encoded/vegetables_av1_3840x2160_q61.mkv"
}