{
    "dover": 0.500541537190738,
    "dover_res_0": -0.12574027478694916,
    "dover_res_1": 0.10743975639343262,
    "video": "../NVC/encoded/vegetables_vvc_1920x1080_q45.mkv"
}