{
    "dover": 0.6591332035984352,
    "dover_res_0": -0.08006669580936432,
    "dover_res_1": 0.13439027965068817,
    "video": "../NVC/encoded/vegetables_av1_1920x1080_q36.mkv"
}