{
    "dover": 0.4947226804889078,
    "dover_res_0": -0.14262457191944122,
    "dover_res_1": 0.11875870823860168,
    "video": "../NVC/encoded/vegetables_av1_640x360_q54.mkv"
}