{
    "dover": 0.6789736625757588,
    "dover_res_0": -0.08093323558568954,
    "dover_res_1": 0.1437687873840332,
    "video": "../NVC/encoded/vegetables_dcvcfm_3840x2160_q63.mkv"
}