{
    "dover": 0.5458685941379356,
    "dover_res_0": -0.12370995432138443,
    "dover_res_1": 0.12342071533203125,
    "video": "../NVC/encoded/vegetables_vvc_1280x720_q41.mkv"
}