{
    "dover": 0.6962416778294391,
    "dover_res_0": -0.07106869667768478,
    "dover_res_1": 0.14362719655036926,
    "video": "../NVC/encoded/vegetables_dcvcrt_1920x1080_q58.mkv"
}