{
    "dover": 0.6375181897766655,
    "dover_res_0": -0.11211565136909485,
    "dover_res_1": 0.15096959471702576,
    "video": "../NVC/encoded/vegetables_dcvcrt_1280x720_q42.mkv"
}