{
    "dover": 0.5852879730501306,
    "dover_res_0": -0.11035884916782379,
    "dover_res_1": 0.1282375603914261,
    "video": "../NVC/encoded/vegetables_vvc_3840x2160_q42.mkv"
}