{
    "dover": 0.5580520702597039,
    "dover_res_0": -0.1413792222738266,
    "dover_res_1": 0.14239802956581116,
    "video": "../NVC/encoded/vegetables_dcvcrt_640x360_q34.mkv"
}