{
    "dover": 0.23192389803291466,
    "dover_res_0": -0.17008107900619507,
    "dover_res_1": 0.026878399774432182,
    "video": "../NVC/encoded/water_vvc_640x360_q34.mkv"
}