{
    "dover": 0.3892919769295464,
    "dover_res_0": -0.10498097538948059,
    "dover_res_1": 0.046922143548727036,
    "video": "../NVC/encoded/water_dcvcrt_1920x1080_q32.mkv"
}