{
    "dover": 0.3655665401380137,
    "dover_res_0": -0.08276808261871338,
    "dover_res_1": 0.019281454384326935,
    "video": "../NVC/encoded/water_av1_3840x2160_q50.mkv"
}