{
    "dover": 0.35745467792456437,
    "dover_res_0": -0.0851861983537674,
    "dover_res_1": 0.017821019515395164,
    "video": "../NVC/encoded/water_av1_3840x2160_q31.mkv"
}