{
    "dover": 0.2715254165011795,
    "dover_res_0": -0.14975927770137787,
    "dover_res_1": 0.03094005584716797,
    "video": "../NVC/encoded/water_dcvcfm_1920x1080_q18.mkv"
}