{
    "dover": 0.2696179036700628,
    "dover_res_0": -0.14714555442333221,
    "dover_res_1": 0.02790258266031742,
    "video": "../NVC/encoded/water_dcvcrt_1280x720_q17.mkv"
}