{
    "dover": 0.28639755052852417,
    "dover_res_0": -0.15560685098171234,
    "dover_res_1": 0.042804669588804245,
    "video": "../NVC/encoded/water_dcvcfm_1280x720_q25.mkv"
}