{
    "dover": 0.3848912875432717,
    "dover_res_0": -0.10728510469198227,
    "dover_res_1": 0.0469776950776577,
    "video": "../NVC/encoded/water_dcvcfm_1920x1080_q37.mkv"
}