{
    "dover": 0.17648767330838322,
    "dover_res_0": -0.18313440680503845,
    "dover_res_1": 0.004161082673817873,
    "video": "../NVC/encoded/water_av1_1280x720_q61.mkv"
}