{
    "dover": 0.23661936786643542,
    "dover_res_0": -0.14760421216487885,
    "dover_res_1": 0.011344305239617825,
    "video": "../NVC/encoded/water_vvc_1280x720_q41.mkv"
}