{
    "dover": 0.4143838268376698,
    "dover_res_0": -0.07552669942378998,
    "dover_res_1": 0.03335792198777199,
    "video": "../NVC/encoded/water_dcvcfm_3840x2160_q43.mkv"
}