{
    "dover": 0.40862455754372184,
    "dover_res_0": -0.06992483139038086,
    "dover_res_1": 0.02655068226158619,
    "video": "../NVC/encoded/water_vvc_1920x1080_q27.mkv"
}