{
    "dover": 0.31853753799470974,
    "dover_res_0": -0.12766994535923004,
    "dover_res_1": 0.035112593322992325,
    "video": "../NVC/encoded/water_vvc_1280x720_q32.mkv"
}