{
    "dover": 0.40671486549943253,
    "dover_res_0": -0.05408177152276039,
    "dover_res_1": 0.013047991320490837,
    "video": "../NVC/encoded/water_dcvcrt_3840x2160_q63.mkv"
}