{
    "dover": 0.38075600435842877,
    "dover_res_0": -0.07869274914264679,
    "dover_res_1": 0.022296180948615074,
    "video": "../NVC/encoded/water_vvc_3840x2160_q34.mkv"
}