{
    "dover": 0.3472288007244048,
    "dover_res_0": -0.09103943407535553,
    "dover_res_1": 0.018185507506132126,
    "video": "../NVC/encoded/water_vvc_3840x2160_q25.mkv"
}