{
    "dover": 0.3687575747813418,
    "dover_res_0": -0.08544736355543137,
    "dover_res_1": 0.022765742614865303,
    "video": "../NVC/encoded/water_av1_1920x1080_q36.mkv"
}