{
    "dover": 0.35028739346588167,
    "dover_res_0": -0.12016625702381134,
    "dover_res_1": 0.04290573671460152,
    "video": "../NVC/encoded/water_dcvcrt_1280x720_q42.mkv"
}