{
    "dover": 0.3608780242852102,
    "dover_res_0": -0.11046373099088669,
    "dover_res_1": 0.0395829975605011,
    "video": "../NVC/encoded/water_dcvcfm_3840x2160_q26.mkv"
}