{
    "dover": 0.33118577539412464,
    "dover_res_0": -0.11135666817426682,
    "dover_res_1": 0.027584761381149292,
    "video": "../NVC/encoded/water_av1_1920x1080_q55.mkv"
}