{
    "dover": 0.20433333374536114,
    "dover_res_0": -0.15038149058818817,
    "dover_res_1": -0.004646253772079945,
    "video": "../NVC/encoded/water_av1_1920x1080_q63.mkv"
}