{
    "dover": 0.37347646912180604,
    "dover_res_0": -0.09200292825698853,
    "dover_res_1": 0.029994521290063858,
    "video": "../NVC/encoded/water_dcvcrt_1920x1080_q58.mkv"
}