{
    "dover": 0.42143154074567785,
    "dover_res_0": -0.05491079017519951,
    "dover_res_1": 0.019590819254517555,
    "video": "../NVC/encoded/water_dcvcfm_3840x2160_q63.mkv"
}