{
    "dover": 0.37635832204830766,
    "dover_res_0": -0.11072174459695816,
    "dover_res_1": 0.046234216541051865,
    "video": "../NVC/encoded/water_dcvcfm_1280x720_q46.mkv"
}