{
    "dover": 0.3233666105269747,
    "dover_res_0": -0.096323661506176,
    "dover_res_1": 0.012058982625603676,
    "video": "../NVC/encoded/water_av1_3840x2160_q61.mkv"
}