{
    "dover": 0.3905703086698813,
    "dover_res_0": -0.07994446903467178,
    "dover_res_1": 0.027315251529216766,
    "video": "../NVC/encoded/water_dcvcfm_1920x1080_q59.mkv"
}