{
    "dover": 0.19967834474410553,
    "dover_res_0": -0.18125657737255096,
    "dover_res_1": 0.017377564683556557,
    "video": "../NVC/encoded/water_av1_640x360_q54.mkv"
}