{
    "dover": 0.3951173589002882,
    "dover_res_0": -0.09599561244249344,
    "dover_res_1": 0.04206584393978119,
    "video": "../NVC/encoded/water_dcvcrt_3840x2160_q19.mkv"
}