{
    "dover": 0.31863951683207525,
    "dover_res_0": -0.12189112603664398,
    "dover_res_1": 0.0305123683065176,
    "video": "../NVC/encoded/water_vvc_3840x2160_q42.mkv"
}