{
    "dover": 0.28282946388304664,
    "dover_res_0": -0.14091454446315765,
    "dover_res_1": 0.02929561212658882,
    "video": "../NVC/encoded/water_av1_1280x720_q48.mkv"
}