{
    "dover": 0.34576389694094567,
    "dover_res_0": -0.1058189794421196,
    "dover_res_1": 0.02944045327603817,
    "video": "../NVC/encoded/water_vvc_1920x1080_q36.mkv"
}