{
    "dover": 0.392566906071544,
    "dover_res_0": -0.07969415932893753,
    "dover_res_1": 0.027925832197070122,
    "video": "../NVC/encoded/water_dcvcrt_3840x2160_q39.mkv"
}