{
    "dover": 0.2162360994616493,
    "dover_res_0": -0.19080093502998352,
    "dover_res_1": 0.034792471677064896,
    "video": "../NVC/encoded/water_dcvcrt_640x360_q34.mkv"
}