{
    "dover": 0.24656809612241104,
    "dover_res_0": -0.1718778759241104,
    "dover_res_1": 0.03611878305673599,
    "video": "../NVC/encoded/water_dcvcfm_640x360_q38.mkv"
}