{
    "dover": 0.24992834288373855,
    "dover_res_0": -0.1519923210144043,
    "dover_res_1": 0.02187652513384819,
    "video": "../NVC/encoded/water_dcvcrt_1920x1080_q10.mkv"
}