{
    "dover": 0.2608339927878534,
    "dover_res_0": -0.126412034034729,
    "dover_res_1": 0.006867934484034777,
    "video": "../NVC/encoded/water_vvc_1920x1080_q45.mkv"
}