{
    "fastervqa_raw": 0.11292455345392227,
    "fastervqa_score": 0.2769815032782218,
    "video": "../NVC/encoded/bigbuckbunny_dcvcrt_1920x1080_q10.mkv"
}