{
    "fastervqa_raw": 0.12471286207437515,
    "fastervqa_score": 0.34677395619938134,
    "video": "../NVC/encoded/bigbuckbunny_dcvcfm_3840x2160_q26.mkv"
}