{
    "fastervqa_raw": 0.1216411367058754,
    "fastervqa_score": 0.32777666660890603,
    "video": "../NVC/encoded/bigbuckbunny_av1_3840x2160_q61.mkv"
}