{
    "fastervqa_raw": 0.1294313371181488,
    "fastervqa_score": 0.37691358519496415,
    "video": "../NVC/encoded/bigbuckbunny_vvc_3840x2160_q34.mkv"
}