{
    "fastervqa_raw": 0.11789586395025253,
    "fastervqa_score": 0.305359176261191,
    "video": "../NVC/encoded/bigbuckbunny_dcvcfm_1280x720_q25.mkv"
}