{
    "fastervqa_raw": 0.11219463497400284,
    "fastervqa_score": 0.2729544678584356,
    "video": "../NVC/encoded/bigbuckbunny_dcvcrt_640x360_q34.mkv"
}