{
    "fastervqa_raw": 0.11628275364637375,
    "fastervqa_score": 0.29597309689019774,
    "video": "../NVC/encoded/bigbuckbunny_av1_1920x1080_q63.mkv"
}