{
    "fastervqa_raw": 0.11342873424291611,
    "fastervqa_score": 0.27978442284335797,
    "video": "../NVC/encoded/bigbuckbunny_av1_1280x720_q48.mkv"
}