{
    "fastervqa_raw": 0.1304873675107956,
    "fastervqa_score": 0.38380134889818435,
    "video": "../NVC/encoded/bigbuckbunny_dcvcrt_3840x2160_q39.mkv"
}