{
    "fastervqa_raw": 0.13084684312343597,
    "fastervqa_score": 0.38615679472525,
    "video": "../NVC/encoded/bigbuckbunny_av1_1920x1080_q36.mkv"
}