{
    "fastervqa_raw": 0.1172768697142601,
    "fastervqa_score": 0.3017377523011863,
    "video": "../NVC/encoded/bigbuckbunny_dcvcfm_640x360_q38.mkv"
}