{
    "fastervqa_raw": 0.12148492783308029,
    "fastervqa_score": 0.32682485470923356,
    "video": "../NVC/encoded/bigbuckbunny_dcvcrt_1920x1080_q32.mkv"
}