{
    "fastervqa_raw": 0.1202574223279953,
    "fastervqa_score": 0.3193954264519923,
    "video": "../NVC/encoded/bigbuckbunny_vvc_1280x720_q32.mkv"
}