{
    "fastervqa_raw": 0.12645485997200012,
    "fastervqa_score": 0.3577733953400183,
    "video": "../NVC/encoded/bigbuckbunny_dcvcfm_1920x1080_q37.mkv"
}