{
    "fastervqa_raw": 0.12685532867908478,
    "fastervqa_score": 0.3603238833041678,
    "video": "../NVC/encoded/bigbuckbunny_av1_1920x1080_q55.mkv"
}