{
    "fastervqa_raw": 0.12066924571990967,
    "fastervqa_score": 0.3218780016628033,
    "video": "../NVC/encoded/bigbuckbunny_vvc_1920x1080_q36.mkv"
}