{
    "fastervqa_raw": 0.10599800944328308,
    "fastervqa_score": 0.24027511344919317,
    "video": "../NVC/encoded/bigbuckbunny_av1_1280x720_q61.mkv"
}