{
    "fastervqa_raw": 0.12407004088163376,
    "fastervqa_score": 0.34275526873977485,
    "video": "../NVC/encoded/bigbuckbunny_dcvcrt_1920x1080_q58.mkv"
}