{
    "fastervqa_raw": 0.13499806821346283,
    "fastervqa_score": 0.41371868204677503,
    "video": "../NVC/encoded/bigbuckbunny_vvc_3840x2160_q25.mkv"
}