{
    "fastervqa_raw": 0.11574377119541168,
    "fastervqa_score": 0.29287449249069625,
    "video": "../NVC/encoded/bigbuckbunny_dcvcrt_1280x720_q17.mkv"
}