{
    "fastervqa_raw": 0.10267337411642075,
    "fastervqa_score": 0.2238831222255113,
    "video": "../NVC/encoded/bigbuckbunny_dcvcrt_1280x720_q42.mkv"
}