{
    "fastervqa_raw": 0.13011381030082703,
    "fastervqa_score": 0.3813593985813572,
    "video": "../NVC/encoded/bigbuckbunny_dcvcfm_3840x2160_q63.mkv"
}