{
    "fastervqa_raw": 0.11702636629343033,
    "fastervqa_score": 0.30027913507831594,
    "video": "../NVC/encoded/bigbuckbunny_vvc_1920x1080_q45.mkv"
}