{
    "fastervqa_raw": 0.12948836386203766,
    "fastervqa_score": 0.3772842920689744,
    "video": "../NVC/encoded/bigbuckbunny_dcvcfm_3840x2160_q43.mkv"
}