{
    "fastervqa_raw": 0.10932030528783798,
    "fastervqa_score": 0.2574567513871243,
    "video": "../NVC/encoded/bigbuckbunny_dcvcfm_1280x720_q46.mkv"
}