{
    "fastervqa_raw": 0.11397439241409302,
    "fastervqa_score": 0.2828373943582741,
    "video": "../NVC/encoded/bigbuckbunny_dcvcfm_1920x1080_q18.mkv"
}