{
    "fastervqa_raw": 0.12347520887851715,
    "fastervqa_score": 0.3390565544218601,
    "video": "../NVC/encoded/bigbuckbunny_dcvcrt_3840x2160_q19.mkv"
}