{
    "fastervqa_raw": 0.13045331835746765,
    "fastervqa_score": 0.38357852401601733,
    "video": "../NVC/encoded/bigbuckbunny_vvc_3840x2160_q42.mkv"
}