{
    "fastervqa_raw": 0.12924152612686157,
    "fastervqa_score": 0.3756807431537895,
    "video": "../NVC/encoded/bigbuckbunny_av1_3840x2160_q50.mkv"
}