{
    "fastervqa_raw": 0.10933542996644974,
    "fastervqa_score": 0.2575367779177209,
    "video": "../NVC/encoded/bigbuckbunny_vvc_1280x720_q41.mkv"
}