{
    "fastervqa_raw": 0.12376246601343155,
    "fastervqa_score": 0.3408403237860711,
    "video": "../NVC/encoded/bigbuckbunny_dcvcfm_1920x1080_q59.mkv"
}