{
    "fastervqa_raw": 0.13504444062709808,
    "fastervqa_score": 0.4140299945977792,
    "video": "../NVC/encoded/bigbuckbunny_dcvcrt_3840x2160_q63.mkv"
}