{
    "fastervqa_raw": 0.13664397597312927,
    "fastervqa_score": 0.4248086217522505,
    "video": "../NVC/encoded/bigbuckbunny_av1_3840x2160_q31.mkv"
}