{
    "fastervqa_raw": 0.12899400293827057,
    "fastervqa_score": 0.3740754739112445,
    "video": "../NVC/encoded/bigbuckbunny_vvc_1920x1080_q27.mkv"
}