{
    "fastervqa_raw": 0.10948216170072556,
    "fastervqa_score": 0.25831399649349013,
    "video": "../NVC/encoded/bigbuckbunny_vvc_640x360_q34.mkv"
}