{
    "fastervqa_raw": 0.12108733505010605,
    "fastervqa_score": 0.32440868056950956,
    "video": "../NVC/encoded/bigbuckbunny_av1_640x360_q54.mkv"
}