{
    "fastervqa_raw": 0.09040521085262299,
    "fastervqa_score": 0.170414475353987,
    "video": "../NVC/encoded/daydreamer_dcvcfm_3840x2160_q43.mkv"
}