{
    "fastervqa_raw": 0.08981310576200485,
    "fastervqa_score": 0.1681104071385348,
    "video": "../NVC/encoded/daydreamer_av1_3840x2160_q61.mkv"
}