{
    "fastervqa_raw": 0.0943794995546341,
    "fastervqa_score": 0.18653155435672136,
    "video": "../NVC/encoded/daydreamer_dcvcfm_1920x1080_q37.mkv"
}