{
    "fastervqa_raw": 0.09330549836158752,
    "fastervqa_score": 0.1820635228277024,
    "video": "../NVC/encoded/daydreamer_dcvcfm_3840x2160_q26.mkv"
}