{
    "fastervqa_raw": 0.08887773752212524,
    "fastervqa_score": 0.16452134149427253,
    "video": "../NVC/encoded/daydreamer_av1_1920x1080_q63.mkv"
}