{
    "fastervqa_raw": 0.09527187794446945,
    "fastervqa_score": 0.19030790808668505,
    "video": "../NVC/encoded/daydreamer_dcvcrt_1920x1080_q32.mkv"
}