{
    "fastervqa_raw": 0.08683773875236511,
    "fastervqa_score": 0.15690750475487666,
    "video": "../NVC/encoded/daydreamer_dcvcrt_1280x720_q42.mkv"
}