{
    "fastervqa_raw": 0.09665549546480179,
    "fastervqa_score": 0.19627822783474894,
    "video": "../NVC/encoded/daydreamer_dcvcrt_3840x2160_q39.mkv"
}