{
    "fastervqa_raw": 0.0830642357468605,
    "fastervqa_score": 0.14358234188023117,
    "video": "../NVC/encoded/daydreamer_dcvcfm_640x360_q38.mkv"
}