{
    "fastervqa_raw": 0.09611113369464874,
    "fastervqa_score": 0.19391256733508774,
    "video": "../NVC/encoded/daydreamer_av1_1920x1080_q36.mkv"
}