{
    "fastervqa_raw": 0.08728243410587311,
    "fastervqa_score": 0.15854240534539185,
    "video": "../NVC/encoded/daydreamer_av1_1280x720_q61.mkv"
}