{
    "fastervqa_raw": 0.0926506444811821,
    "fastervqa_score": 0.1793802943498188,
    "video": "../NVC/encoded/daydreamer_vvc_1920x1080_q36.mkv"
}