{
    "fastervqa_raw": 0.09458968043327332,
    "fastervqa_score": 0.18741576408948535,
    "video": "../NVC/encoded/daydreamer_dcvcrt_3840x2160_q63.mkv"
}