{
    "fastervqa_raw": 0.09305063635110855,
    "fastervqa_score": 0.18101554826180463,
    "video": "../NVC/encoded/daydreamer_av1_3840x2160_q50.mkv"
}