{
    "fastervqa_raw": 0.09203552454710007,
    "fastervqa_score": 0.17688811179193537,
    "video": "../NVC/encoded/daydreamer_vvc_3840x2160_q25.mkv"
}