{
    "fastervqa_raw": 0.08824113756418228,
    "fastervqa_score": 0.16211403438526487,
    "video": "../NVC/encoded/daydreamer_av1_3840x2160_q31.mkv"
}