{
    "fastervqa_raw": 0.09999306499958038,
    "fastervqa_score": 0.21125871494288095,
    "video": "../NVC/encoded/daydreamer_vvc_1920x1080_q27.mkv"
}