{
    "fastervqa_raw": 0.08688192814588547,
    "fastervqa_score": 0.1570693488626049,
    "video": "../NVC/encoded/daydreamer_dcvcfm_1280x720_q25.mkv"
}