{
    "fastervqa_raw": 0.0891234427690506,
    "fastervqa_score": 0.16545812642533883,
    "video": "../NVC/encoded/daydreamer_vvc_640x360_q34.mkv"
}