{
    "fastervqa_raw": 0.08680446445941925,
    "fastervqa_score": 0.15678572691465617,
    "video": "../NVC/encoded/daydreamer_dcvcfm_1920x1080_q59.mkv"
}