{
    "fastervqa_raw": 0.08901647478342056,
    "fastervqa_score": 0.1650497717227574,
    "video": "../NVC/encoded/daydreamer_av1_1920x1080_q55.mkv"
}