{
    "fastervqa_raw": 0.08357417583465576,
    "fastervqa_score": 0.14532642114831248,
    "video": "../NVC/encoded/daydreamer_dcvcrt_1280x720_q17.mkv"
}