{
    "fastervqa_raw": 0.09120631217956543,
    "fastervqa_score": 0.17357165931203594,
    "video": "../NVC/encoded/daydreamer_dcvcrt_1920x1080_q10.mkv"
}