{
    "fastervqa_raw": 0.08204162120819092,
    "fastervqa_score": 0.14013734388692353,
    "video": "../NVC/encoded/daydreamer_dcvcfm_1280x720_q46.mkv"
}