{
    "fastervqa_raw": 0.09216481447219849,
    "fastervqa_score": 0.17740966885181036,
    "video": "../NVC/encoded/daydreamer_dcvcrt_1920x1080_q58.mkv"
}