{
    "fastervqa_raw": 0.08406788855791092,
    "fastervqa_score": 0.14703171722141126,
    "video": "../NVC/encoded/daydreamer_dcvcrt_640x360_q34.mkv"
}