{
    "fastervqa_raw": 0.08851238340139389,
    "fastervqa_score": 0.1631362610464765,
    "video": "../NVC/encoded/daydreamer_vvc_1920x1080_q45.mkv"
}