{
    "fastervqa_raw": 0.09374690055847168,
    "fastervqa_score": 0.1838896847267521,
    "video": "../NVC/encoded/daydreamer_dcvcfm_3840x2160_q63.mkv"
}