{
    "fastervqa_raw": 0.09083423018455505,
    "fastervqa_score": 0.1720995528405256,
    "video": "../NVC/encoded/daydreamer_av1_640x360_q54.mkv"
}