{
    "fastervqa_raw": 0.09168810397386551,
    "fastervqa_score": 0.17549257806434487,
    "video": "../NVC/encoded/daydreamer_vvc_3840x2160_q42.mkv"
}