{
    "fastervqa_raw": 0.08275477588176727,
    "fastervqa_score": 0.1425324552131091,
    "video": "../NVC/encoded/daydreamer_vvc_1280x720_q32.mkv"
}