{
    "fastervqa_raw": 0.08612850308418274,
    "fastervqa_score": 0.1543284617121791,
    "video": "../NVC/encoded/daydreamer_vvc_1280x720_q41.mkv"
}