{
    "fastervqa_raw": 0.09206436574459076,
    "fastervqa_score": 0.17700435310648024,
    "video": "../NVC/encoded/daydreamer_vvc_3840x2160_q34.mkv"
}