{
    "fastervqa_raw": 0.09293629974126816,
    "fastervqa_score": 0.18054693338575262,
    "video": "../NVC/encoded/daydreamer_dcvcrt_3840x2160_q19.mkv"
}