{
    "fastervqa_raw": 0.08414529263973236,
    "fastervqa_score": 0.14730056955584134,
    "video": "../NVC/encoded/daydreamer_dcvcfm_1920x1080_q18.mkv"
}