{
    "fastervqa_raw": 0.08429241180419922,
    "fastervqa_score": 0.1478126885090146,
    "video": "../NVC/encoded/daydreamer_av1_1280x720_q48.mkv"
}