{
    "fastervqa_raw": 0.07155028730630875,
    "fastervqa_score": 0.10866111075388926,
    "video": "../NVC/encoded/giftmord_av1_3840x2160_q31.mkv"
}