{
    "fastervqa_raw": 0.07456332445144653,
    "fastervqa_score": 0.1170045897055639,
    "video": "../NVC/encoded/giftmord_av1_1920x1080_q36.mkv"
}