{
    "fastervqa_raw": 0.08699627220630646,
    "fastervqa_score": 0.1574887656274042,
    "video": "../NVC/encoded/giftmord_dcvcrt_1280x720_q42.mkv"
}