{
    "fastervqa_raw": 0.06962334364652634,
    "fastervqa_score": 0.10360294628873111,
    "video": "../NVC/encoded/giftmord_vvc_1280x720_q41.mkv"
}