{
    "fastervqa_raw": 0.05915793031454086,
    "fastervqa_score": 0.07962585718131646,
    "video": "../NVC/encoded/giftmord_av1_640x360_q54.mkv"
}