{
    "fastervqa_raw": 0.08856897801160812,
    "fastervqa_score": 0.1633501986588034,
    "video": "../NVC/encoded/giftmord_vvc_1920x1080_q36.mkv"
}