{
    "fastervqa_raw": 0.06712017208337784,
    "fastervqa_score": 0.09734391691806782,
    "video": "../NVC/encoded/giftmord_dcvcrt_1280x720_q17.mkv"
}