{
    "fastervqa_raw": 0.07788017392158508,
    "fastervqa_score": 0.1268264044725301,
    "video": "../NVC/encoded/giftmord_av1_1920x1080_q63.mkv"
}