{
    "fastervqa_raw": 0.06191049516201019,
    "fastervqa_score": 0.0853902228879814,
    "video": "../NVC/encoded/giftmord_dcvcfm_640x360_q38.mkv"
}