{
    "fastervqa_raw": 0.08522714674472809,
    "fastervqa_score": 0.15110092677842302,
    "video": "../NVC/encoded/giftmord_av1_3840x2160_q50.mkv"
}