{
    "fastervqa_raw": 0.07030969858169556,
    "fastervqa_score": 0.10538027666822464,
    "video": "../NVC/encoded/giftmord_av1_1280x720_q48.mkv"
}