{
    "fastervqa_raw": 0.08583520352840424,
    "fastervqa_score": 0.15327208783514076,
    "video": "../NVC/encoded/giftmord_av1_1280x720_q61.mkv"
}