{
    "fastervqa_raw": 0.10445532947778702,
    "fastervqa_score": 0.23256848625350257,
    "video": "../NVC/encoded/giftmord_dcvcrt_3840x2160_q63.mkv"
}