{
    "fastervqa_raw": 0.10095880180597305,
    "fastervqa_score": 0.2157464176083352,
    "video": "../NVC/encoded/giftmord_dcvcfm_3840x2160_q43.mkv"
}