{
    "fastervqa_raw": 0.06303264200687408,
    "fastervqa_score": 0.08784699084783194,
    "video": "../NVC/encoded/giftmord_vvc_640x360_q34.mkv"
}