{
    "fastervqa_raw": 0.09282179921865463,
    "fastervqa_score": 0.18007859514504732,
    "video": "../NVC/encoded/giftmord_dcvcfm_1280x720_q25.mkv"
}