{
    "fastervqa_raw": 0.0941241979598999,
    "fastervqa_score": 0.1854618551725693,
    "video": "../NVC/encoded/giftmord_dcvcrt_3840x2160_q39.mkv"
}