{
    "fastervqa_raw": 0.09653197973966599,
    "fastervqa_score": 0.19573955291466963,
    "video": "../NVC/encoded/giftmord_dcvcrt_1920x1080_q58.mkv"
}