{
    "fastervqa_raw": 0.10455992817878723,
    "fastervqa_score": 0.23308553385212388,
    "video": "../NVC/encoded/giftmord_vvc_1920x1080_q27.mkv"
}