{
    "fastervqa_raw": 0.0741959735751152,
    "fastervqa_score": 0.11595835597168837,
    "video": "../NVC/encoded/giftmord_dcvcfm_3840x2160_q63.mkv"
}