{
    "fastervqa_raw": 0.0785984918475151,
    "fastervqa_score": 0.12904421287139214,
    "video": "../NVC/encoded/giftmord_vvc_1920x1080_q45.mkv"
}