{
    "fastervqa_raw": 0.07357731461524963,
    "fastervqa_score": 0.11421475526895077,
    "video": "../NVC/encoded/giftmord_vvc_3840x2160_q25.mkv"
}