{
    "fastervqa_raw": 0.07053443044424057,
    "fastervqa_score": 0.10596804467641062,
    "video": "../NVC/encoded/giftmord_av1_1920x1080_q55.mkv"
}