{
    "fastervqa_raw": 0.09882287681102753,
    "fastervqa_score": 0.2059130349806494,
    "video": "../NVC/encoded/giftmord_dcvcrt_1920x1080_q32.mkv"
}