{
    "fastervqa_raw": 0.07798323035240173,
    "fastervqa_score": 0.1271425778166171,
    "video": "../NVC/encoded/giftmord_vvc_3840x2160_q42.mkv"
}