{
    "fastervqa_raw": 0.1052607074379921,
    "fastervqa_score": 0.2365702022339648,
    "video": "../NVC/encoded/giftmord_dcvcfm_1920x1080_q37.mkv"
}