{
    "fastervqa_raw": 0.08072693645954132,
    "fastervqa_score": 0.13581035534909108,
    "video": "../NVC/encoded/giftmord_dcvcfm_1920x1080_q18.mkv"
}