{
    "fastervqa_raw": 0.08331654220819473,
    "fastervqa_score": 0.14444308412249512,
    "video": "../NVC/encoded/giftmord_dcvcfm_3840x2160_q26.mkv"
}