{
    "fastervqa_raw": 0.08415848761796951,
    "fastervqa_score": 0.14734644103240507,
    "video": "../NVC/encoded/giftmord_vvc_1280x720_q32.mkv"
}