{
    "fastervqa_raw": 0.10227704048156738,
    "fastervqa_score": 0.2219830526808473,
    "video": "../NVC/encoded/giftmord_dcvcfm_1920x1080_q59.mkv"
}