{
    "fastervqa_raw": 0.08712377399206161,
    "fastervqa_score": 0.15795751855701948,
    "video": "../NVC/encoded/giftmord_dcvcrt_1920x1080_q10.mkv"
}