{
    "fastervqa_raw": 0.10789921879768372,
    "fastervqa_score": 0.25001035994658904,
    "video": "../NVC/encoded/giftmord_dcvcrt_3840x2160_q19.mkv"
}