{
    "fastervqa_raw": 0.07960303127765656,
    "fastervqa_score": 0.13220105617445688,
    "video": "../NVC/encoded/giftmord_vvc_3840x2160_q34.mkv"
}