{
    "fastervqa_raw": 0.06965398788452148,
    "fastervqa_score": 0.10368173156417895,
    "video": "../NVC/encoded/giftmord_dcvcrt_640x360_q34.mkv"
}