{
    "fastervqa_raw": 0.08860649913549423,
    "fastervqa_score": 0.16349215955446636,
    "video": "../NVC/encoded/giftmord_av1_3840x2160_q61.mkv"
}