{
    "fastervqa_raw": 0.0856899693608284,
    "fastervqa_score": 0.15275119537855267,
    "video": "../NVC/encoded/giftmord_dcvcfm_1280x720_q46.mkv"
}