{
    "fastervqa_raw": 0.09733404219150543,
    "fastervqa_score": 0.19925747503099864,
    "video": "../NVC/encoded/sparks15_dcvcrt_3840x2160_q39.mkv"
}