{
    "fastervqa_raw": 0.08909206092357635,
    "fastervqa_score": 0.165338241042299,
    "video": "../NVC/encoded/sparks15_av1_1920x1080_q55.mkv"
}