{
    "fastervqa_raw": 0.09286925941705704,
    "fastervqa_score": 0.1802726051119811,
    "video": "../NVC/encoded/sparks15_av1_1280x720_q48.mkv"
}