{
    "fastervqa_raw": 0.0969148501753807,
    "fastervqa_score": 0.1974129658890875,
    "video": "../NVC/encoded/sparks15_dcvcfm_1280x720_q46.mkv"
}