{
    "fastervqa_raw": 0.1101226806640625,
    "fastervqa_score": 0.2617245971277034,
    "video": "../NVC/encoded/sparks15_dcvcrt_3840x2160_q63.mkv"
}