{
    "fastervqa_raw": 0.0922311320900917,
    "fastervqa_score": 0.17767766255611134,
    "video": "../NVC/encoded/sparks15_dcvcrt_1280x720_q42.mkv"
}