{
    "fastervqa_raw": 0.0920027494430542,
    "fastervqa_score": 0.17675608805585324,
    "video": "../NVC/encoded/sparks15_av1_3840x2160_q61.mkv"
}