{
    "fastervqa_raw": 0.10495739430189133,
    "fastervqa_score": 0.23505755983759002,
    "video": "../NVC/encoded/sparks15_vvc_3840x2160_q34.mkv"
}