{
    "fastervqa_raw": 0.059276554733514786,
    "fastervqa_score": 0.07986677543116337,
    "video": "../NVC/encoded/sparks15_dcvcfm_1920x1080_q18.mkv"
}