{
    "fastervqa_raw": 0.0957769975066185,
    "fastervqa_score": 0.19247125283197536,
    "video": "../NVC/encoded/sparks15_dcvcfm_1920x1080_q37.mkv"
}