{
    "fastervqa_raw": 0.0686153993010521,
    "fastervqa_score": 0.10104092214735322,
    "video": "../NVC/encoded/sparks15_dcvcfm_640x360_q38.mkv"
}