{
    "fastervqa_raw": 0.09286162257194519,
    "fastervqa_score": 0.18024137586378314,
    "video": "../NVC/encoded/sparks15_dcvcfm_3840x2160_q26.mkv"
}