{
    "fastervqa_raw": 0.06718689203262329,
    "fastervqa_score": 0.09750628005462514,
    "video": "../NVC/encoded/sparks15_av1_1920x1080_q63.mkv"
}