{
    "fastervqa_raw": 0.10190802067518234,
    "fastervqa_score": 0.2202243145069907,
    "video": "../NVC/encoded/sparks15_vvc_3840x2160_q25.mkv"
}