{
    "fastervqa_raw": 0.10072440654039383,
    "fastervqa_score": 0.21465088557623663,
    "video": "../NVC/encoded/sparks15_av1_3840x2160_q50.mkv"
}