{
    "fastervqa_raw": 0.10679326206445694,
    "fastervqa_score": 0.24431547199420411,
    "video": "../NVC/encoded/sparks15_dcvcrt_1920x1080_q58.mkv"
}