{
    "fastervqa_raw": 0.10171288996934891,
    "fastervqa_score": 0.2192983772031795,
    "video": "../NVC/encoded/sparks15_av1_3840x2160_q31.mkv"
}