{
    "fastervqa_raw": 0.10779561847448349,
    "fastervqa_score": 0.2494731542263061,
    "video": "../NVC/encoded/sparks15_vvc_3840x2160_q42.mkv"
}