{
    "fastervqa_raw": 0.07129615545272827,
    "fastervqa_score": 0.1079818158228691,
    "video": "../NVC/encoded/sparks15_vvc_640x360_q34.mkv"
}