{
    "fastervqa_raw": 0.10095307976007462,
    "fastervqa_score": 0.2157196253327227,
    "video": "../NVC/encoded/sparks15_vvc_1280x720_q32.mkv"
}