{
    "fastervqa_raw": 0.10308197140693665,
    "fastervqa_score": 0.22585407004040323,
    "video": "../NVC/encoded/sparks15_dcvcfm_1920x1080_q59.mkv"
}