{
    "fastervqa_raw": 0.05540329962968826,
    "fastervqa_score": 0.07233594977683107,
    "video": "../NVC/encoded/sparks15_dcvcrt_1280x720_q17.mkv"
}