{
    "fastervqa_raw": 0.09174925833940506,
    "fastervqa_score": 0.17573759549088852,
    "video": "../NVC/encoded/sparks15_dcvcrt_3840x2160_q19.mkv"
}