{
    "fastervqa_raw": 0.06402358412742615,
    "fastervqa_score": 0.09006942925321518,
    "video": "../NVC/encoded/sparks15_av1_1280x720_q61.mkv"
}