{
    "fastervqa_raw": 0.07429193705320358,
    "fastervqa_score": 0.11623087785087048,
    "video": "../NVC/encoded/sparks15_vvc_1280x720_q41.mkv"
}