{
    "fastervqa_raw": 0.08698893338441849,
    "fastervqa_score": 0.1574618193283143,
    "video": "../NVC/encoded/sparks15_dcvcrt_1920x1080_q32.mkv"
}