{
    "fastervqa_raw": 0.10075735300779343,
    "fastervqa_score": 0.21480462844648404,
    "video": "../NVC/encoded/sparks15_dcvcfm_3840x2160_q43.mkv"
}