{
    "fastervqa_raw": 0.06459487229585648,
    "fastervqa_score": 0.09137359663069732,
    "video": "../NVC/encoded/sparks15_dcvcrt_1920x1080_q10.mkv"
}