{
    "fastervqa_raw": 0.103974848985672,
    "fastervqa_score": 0.23020367784172174,
    "video": "../NVC/encoded/sparks15_vvc_1920x1080_q36.mkv"
}