{
    "fastervqa_raw": 0.10257771611213684,
    "fastervqa_score": 0.2234234694144486,
    "video": "../NVC/encoded/sparks15_av1_1920x1080_q36.mkv"
}