{
    "fastervqa_raw": 0.0638628602027893,
    "fastervqa_score": 0.08970555439956635,
    "video": "../NVC/encoded/sparks15_av1_640x360_q54.mkv"
}