{
    "fastervqa_raw": 0.05042874068021774,
    "fastervqa_score": 0.06362460511327833,
    "video": "../NVC/encoded/sparks15_dcvcfm_1280x720_q25.mkv"
}