{
    "fastervqa_raw": 0.06923259049654007,
    "fastervqa_score": 0.10260296735226687,
    "video": "../NVC/encoded/sparks15_dcvcrt_640x360_q34.mkv"
}