{
    "fastervqa_raw": 0.07933031767606735,
    "fastervqa_score": 0.13133761524467294,
    "video": "../NVC/encoded/sparks15_vvc_1920x1080_q45.mkv"
}