{
    "fastervqa_raw": 0.10513733327388763,
    "fastervqa_score": 0.2359541178249589,
    "video": "../NVC/encoded/sparks15_vvc_1920x1080_q27.mkv"
}