{
    "fastervqa_raw": 0.10389304161071777,
    "fastervqa_score": 0.22980272538303445,
    "video": "../NVC/encoded/sparks15_dcvcfm_3840x2160_q63.mkv"
}