{
    "fastervqa_raw": 0.106172576546669,
    "fastervqa_score": 0.24115809104175415,
    "video": "../NVC/encoded/vegetables_dcvcfm_3840x2160_q63.mkv"
}