{
    "fastervqa_raw": 0.11422581970691681,
    "fastervqa_score": 0.2842509065864831,
    "video": "../NVC/encoded/vegetables_dcvcfm_1280x720_q25.mkv"
}