{
    "fastervqa_raw": 0.10817786306142807,
    "fastervqa_score": 0.25145905490207454,
    "video": "../NVC/encoded/vegetables_vvc_1920x1080_q45.mkv"
}