{
    "fastervqa_raw": 0.10795307904481888,
    "fastervqa_score": 0.2502899496019157,
    "video": "../NVC/encoded/vegetables_av1_3840x2160_q31.mkv"
}