{
    "fastervqa_raw": 0.10662921518087387,
    "fastervqa_score": 0.2434782654346236,
    "video": "../NVC/encoded/vegetables_dcvcrt_3840x2160_q63.mkv"
}