{
    "fastervqa_raw": 0.10573630034923553,
    "fastervqa_score": 0.23895550954274766,
    "video": "../NVC/encoded/vegetables_dcvcfm_640x360_q38.mkv"
}