{
    "fastervqa_raw": 0.10526131093502045,
    "fastervqa_score": 0.23657321859904812,
    "video": "../NVC/encoded/vegetables_av1_1920x1080_q55.mkv"
}