{
    "fastervqa_raw": 0.10708822309970856,
    "fastervqa_score": 0.24582568711497652,
    "video": "../NVC/encoded/vegetables_vvc_1920x1080_q36.mkv"
}