{
    "fastervqa_raw": 0.11243753880262375,
    "fastervqa_score": 0.2742905267354382,
    "video": "../NVC/encoded/vegetables_vvc_3840x2160_q25.mkv"
}