{
    "fastervqa_raw": 0.10469479113817215,
    "fastervqa_score": 0.2337533624258375,
    "video": "../NVC/encoded/vegetables_av1_3840x2160_q61.mkv"
}