{
    "fastervqa_raw": 0.10284320265054703,
    "fastervqa_score": 0.22470083354993556,
    "video": "../NVC/encoded/vegetables_av1_1280x720_q48.mkv"
}