{
    "fastervqa_raw": 0.11059369891881943,
    "fastervqa_score": 0.26425111989605965,
    "video": "../NVC/encoded/vegetables_dcvcfm_1920x1080_q37.mkv"
}