{
    "fastervqa_raw": 0.10842089354991913,
    "fastervqa_score": 0.25272713372816746,
    "video": "../NVC/encoded/vegetables_dcvcrt_1280x720_q42.mkv"
}