{
    "fastervqa_raw": 0.11393296718597412,
    "fastervqa_score": 0.2826049125756071,
    "video": "../NVC/encoded/vegetables_vvc_1920x1080_q27.mkv"
}