{
    "fastervqa_raw": 0.10575760155916214,
    "fastervqa_score": 0.2390627295669776,
    "video": "../NVC/encoded/vegetables_dcvcfm_1280x720_q46.mkv"
}