{
    "fastervqa_raw": 0.10834833979606628,
    "fastervqa_score": 0.25234812172394905,
    "video": "../NVC/encoded/vegetables_dcvcrt_1920x1080_q58.mkv"
}