{
    "fastervqa_raw": 0.11042369157075882,
    "fastervqa_score": 0.2633374072982655,
    "video": "../NVC/encoded/vegetables_dcvcrt_640x360_q34.mkv"
}