{
    "fastervqa_raw": 0.11022131890058517,
    "fastervqa_score": 0.2622523957469093,
    "video": "../NVC/encoded/vegetables_vvc_3840x2160_q42.mkv"
}