{
    "fastervqa_raw": 0.11148182302713394,
    "fastervqa_score": 0.2690572948670961,
    "video": "../NVC/encoded/vegetables_dcvcrt_3840x2160_q19.mkv"
}