{
    "fastervqa_raw": 0.10388464480638504,
    "fastervqa_score": 0.22976159889486997,
    "video": "../NVC/encoded/vegetables_vvc_1280x720_q41.mkv"
}