{
    "fastervqa_raw": 0.10766538232564926,
    "fastervqa_score": 0.24879892609981852,
    "video": "../NVC/encoded/vegetables_av1_1920x1080_q63.mkv"
}