{
    "fastervqa_raw": 0.10584297776222229,
    "fastervqa_score": 0.2394928032918042,
    "video": "../NVC/encoded/vegetables_av1_1280x720_q61.mkv"
}