{
    "fastervqa_raw": 0.10598544776439667,
    "fastervqa_score": 0.24021166057100246,
    "video": "../NVC/encoded/vegetables_vvc_3840x2160_q34.mkv"
}