{
    "fastervqa_raw": 0.10567495226860046,
    "fastervqa_score": 0.23864689723206142,
    "video": "../NVC/encoded/vegetables_vvc_640x360_q34.mkv"
}