{
    "fastervqa_raw": 0.10475306212902069,
    "fastervqa_score": 0.23404232591508206,
    "video": "../NVC/encoded/vegetables_dcvcrt_1920x1080_q10.mkv"
}