{
    "fastervqa_raw": 0.1029108390212059,
    "fastervqa_score": 0.22502708746364625,
    "video": "../NVC/encoded/vegetables_av1_640x360_q54.mkv"
}