{
    "fastervqa_raw": 0.11043848842382431,
    "fastervqa_score": 0.2634168529858264,
    "video": "../NVC/encoded/vegetables_dcvcfm_1920x1080_q59.mkv"
}