{
    "fastervqa_raw": 0.10722048580646515,
    "fastervqa_score": 0.24650491868496346,
    "video": "../NVC/encoded/vegetables_av1_1920x1080_q36.mkv"
}