{
    "fastervqa_raw": 0.11185862123966217,
    "fastervqa_score": 0.27111298585410915,
    "video": "../NVC/encoded/vegetables_dcvcfm_3840x2160_q43.mkv"
}