{
    "fastervqa_raw": 0.1136559247970581,
    "fastervqa_score": 0.2810531093443232,
    "video": "../NVC/encoded/vegetables_av1_3840x2160_q50.mkv"
}