{
    "fastervqa_raw": 0.10680430382490158,
    "fastervqa_score": 0.24437189308284205,
    "video": "../NVC/encoded/vegetables_dcvcrt_1280x720_q17.mkv"
}