{
    "fastervqa_raw": 0.10857661813497543,
    "fastervqa_score": 0.2535418912033512,
    "video": "../NVC/encoded/vegetables_dcvcfm_3840x2160_q26.mkv"
}