{
    "fastervqa_raw": 0.1058659628033638,
    "fastervqa_score": 0.2396086785589201,
    "video": "../NVC/encoded/vegetables_dcvcrt_3840x2160_q39.mkv"
}