{
    "fastervqa_raw": 0.10763193666934967,
    "fastervqa_score": 0.24862597587234644,
    "video": "../NVC/encoded/vegetables_dcvcfm_1920x1080_q18.mkv"
}