{
    "fastervqa_raw": 0.10660528391599655,
    "fastervqa_score": 0.24335629595229646,
    "video": "../NVC/encoded/vegetables_vvc_1280x720_q32.mkv"
}