{
    "fastervqa_raw": 0.10693521052598953,
    "fastervqa_score": 0.24504147057692657,
    "video": "../NVC/encoded/vegetables_dcvcrt_1920x1080_q32.mkv"
}