{
    "fastervqa_raw": 0.058778371661901474,
    "fastervqa_score": 0.07885945329497569,
    "video": "../NVC/encoded/water_dcvcrt_1920x1080_q10.mkv"
}