{
    "fastervqa_raw": 0.056618768721818924,
    "fastervqa_score": 0.07462585710931195,
    "video": "../NVC/encoded/water_dcvcrt_1280x720_q17.mkv"
}