{
    "fastervqa_raw": 0.0592426061630249,
    "fastervqa_score": 0.07979776024829674,
    "video": "../NVC/encoded/water_dcvcrt_640x360_q34.mkv"
}