{
    "fastervqa_raw": 0.05891247093677521,
    "fastervqa_score": 0.0791294525658849,
    "video": "../NVC/encoded/water_dcvcfm_1920x1080_q37.mkv"
}