{
    "fastervqa_raw": 0.06396301090717316,
    "fastervqa_score": 0.08993213713576909,
    "video": "../NVC/encoded/water_vvc_1280x720_q41.mkv"
}