{
    "fastervqa_raw": 0.059863146394491196,
    "fastervqa_score": 0.08106791369210858,
    "video": "../NVC/encoded/water_dcvcfm_1280x720_q25.mkv"
}