{
    "fastervqa_raw": 0.05472889542579651,
    "fastervqa_score": 0.07109350327575731,
    "video": "../NVC/encoded/water_vvc_1920x1080_q36.mkv"
}