{
    "fastervqa_raw": 0.0714578926563263,
    "fastervqa_score": 0.10841370662756464,
    "video": "../NVC/encoded/water_dcvcfm_3840x2160_q63.mkv"
}