{
    "fastervqa_raw": 0.07380418479442596,
    "fastervqa_score": 0.11485148855050417,
    "video": "../NVC/encoded/water_vvc_3840x2160_q25.mkv"
}