{
    "fastervqa_raw": 0.06269074976444244,
    "fastervqa_score": 0.08709178036083311,
    "video": "../NVC/encoded/water_vvc_1920x1080_q45.mkv"
}