{
    "fastervqa_raw": 0.0626896321773529,
    "fastervqa_score": 0.08708932136481264,
    "video": "../NVC/encoded/water_av1_1920x1080_q36.mkv"
}