{
    "fastervqa_raw": 0.06039600446820259,
    "fastervqa_score": 0.0821732770253399,
    "video": "../NVC/encoded/water_dcvcrt_1280x720_q42.mkv"
}