{
    "fastervqa_raw": 0.05636536329984665,
    "fastervqa_score": 0.07414301523774948,
    "video": "../NVC/encoded/water_av1_1280x720_q61.mkv"
}