{
    "fastervqa_raw": 0.06322132050991058,
    "fastervqa_score": 0.0882662952015464,
    "video": "../NVC/encoded/water_av1_3840x2160_q61.mkv"
}