{
    "fastervqa_raw": 0.062439050525426865,
    "fastervqa_score": 0.08653955691740385,
    "video": "../NVC/encoded/water_dcvcfm_1920x1080_q59.mkv"
}