{
    "fastervqa_raw": 0.06620292365550995,
    "fastervqa_score": 0.09513613442728876,
    "video": "../NVC/encoded/water_dcvcfm_3840x2160_q43.mkv"
}