{
    "fastervqa_raw": 0.0609816238284111,
    "fastervqa_score": 0.08340390200938161,
    "video": "../NVC/encoded/water_vvc_1280x720_q32.mkv"
}