{
    "fastervqa_raw": 0.07032652199268341,
    "fastervqa_score": 0.10542417715728271,
    "video": "../NVC/encoded/water_av1_3840x2160_q50.mkv"
}