{
    "fastervqa_raw": 0.05583164468407631,
    "fastervqa_score": 0.07313544996812647,
    "video": "../NVC/encoded/water_dcvcfm_1280x720_q46.mkv"
}