{
    "fastervqa_raw": 0.0777524784207344,
    "fastervqa_score": 0.1264355718756738,
    "video": "../NVC/encoded/water_dcvcrt_3840x2160_q63.mkv"
}