{
    "fastervqa_raw": 0.06482695788145065,
    "fastervqa_score": 0.0919082493411802,
    "video": "../NVC/encoded/water_dcvcfm_3840x2160_q26.mkv"
}