{
    "fastervqa_raw": 0.05542801320552826,
    "fastervqa_score": 0.07238185744600477,
    "video": "../NVC/encoded/water_dcvcfm_1920x1080_q18.mkv"
}