{
    "fastervqa_raw": 0.06483802199363708,
    "fastervqa_score": 0.09193380768875783,
    "video": "../NVC/encoded/water_vvc_3840x2160_q42.mkv"
}