{
    "fastervqa_raw": 0.05723807215690613,
    "fastervqa_score": 0.07581807316882606,
    "video": "../NVC/encoded/water_av1_640x360_q54.mkv"
}