{
    "fastervqa_raw": 0.053206972777843475,
    "fastervqa_score": 0.06836179868487724,
    "video": "../NVC/encoded/water_dcvcrt_1920x1080_q32.mkv"
}