{
    "fastervqa_raw": 0.060425251722335815,
    "fastervqa_score": 0.08223434323835012,
    "video": "../NVC/encoded/water_dcvcrt_3840x2160_q19.mkv"
}