{
    "fastervqa_raw": 0.0726497620344162,
    "fastervqa_score": 0.11164339057364119,
    "video": "../NVC/encoded/water_av1_3840x2160_q31.mkv"
}