{
    "fastervqa_raw": 0.059278279542922974,
    "fastervqa_score": 0.07987028330847061,
    "video": "../NVC/encoded/water_vvc_3840x2160_q34.mkv"
}