{
    "fastervqa_raw": 0.06447118520736694,
    "fastervqa_score": 0.09108980427247033,
    "video": "../NVC/encoded/water_av1_1920x1080_q55.mkv"
}