{
    "fastervqa_raw": 0.06260655075311661,
    "fastervqa_score": 0.0869066953961164,
    "video": "../NVC/encoded/water_av1_1920x1080_q63.mkv"
}