{
    "fastervqa_raw": 0.06530679762363434,
    "fastervqa_score": 0.09302257374779578,
    "video": "../NVC/encoded/water_dcvcrt_1920x1080_q58.mkv"
}