{
    "fastervqa_raw": 0.0551324188709259,
    "fastervqa_score": 0.07183452169836219,
    "video": "../NVC/encoded/water_vvc_1920x1080_q27.mkv"
}