{
    "fastervqa_raw": 0.07335276156663895,
    "fastervqa_score": 0.11358755535431132,
    "video": "../NVC/encoded/water_dcvcrt_3840x2160_q39.mkv"
}