{
    "fastervqa_raw": 0.06415796279907227,
    "fastervqa_score": 0.09037467933752183,
    "video": "../NVC/encoded/water_vvc_640x360_q34.mkv"
}