{
    "fastervqa_raw": 0.05607856065034866,
    "fastervqa_score": 0.07360000592115651,
    "video": "../NVC/encoded/water_dcvcfm_640x360_q38.mkv"
}