{
    "fastervqa_raw": 0.05585121363401413,
    "fastervqa_score": 0.07317216888310375,
    "video": "../NVC/encoded/water_av1_1280x720_q48.mkv"
}