{
    "mean_musiq": 30.456974029541016,
    "mean_musiq_cc": 32.99578857421875,
    "video": "../NVC/encoded/bigbuckbunny_av1_1920x1080_q63.mkv"
}