{
    "mean_musiq": 27.828441619873047,
    "mean_musiq_cc": 31.2485408782959,
    "video": "../NVC/encoded/bigbuckbunny_av1_1280x720_q61.mkv"
}