{
    "mean_musiq": 22.455427169799805,
    "mean_musiq_cc": 24.194087982177734,
    "video": "../NVC/encoded/bigbuckbunny_dcvcrt_640x360_q34.mkv"
}