{
    "mean_musiq": 39.151336669921875,
    "mean_musiq_cc": 44.48456573486328,
    "video": "../NVC/encoded/bigbuckbunny_dcvcfm_1920x1080_q59.mkv"
}