{
    "mean_musiq": 30.322811126708984,
    "mean_musiq_cc": 36.14470672607422,
    "video": "../NVC/encoded/bigbuckbunny_av1_1280x720_q48.mkv"
}