{
    "mean_musiq": 40.03699493408203,
    "mean_musiq_cc": 45.30704879760742,
    "video": "../NVC/encoded/bigbuckbunny_dcvcrt_3840x2160_q19.mkv"
}