{
    "mean_musiq": 35.86684036254883,
    "mean_musiq_cc": 42.42943572998047,
    "video": "../NVC/encoded/bigbuckbunny_dcvcrt_1920x1080_q32.mkv"
}