{
    "mean_musiq": 29.711755752563477,
    "mean_musiq_cc": 32.237178802490234,
    "video": "../NVC/encoded/bigbuckbunny_vvc_1280x720_q41.mkv"
}