{
    "mean_musiq": 44.078372955322266,
    "mean_musiq_cc": 50.534664154052734,
    "video": "../NVC/encoded/bigbuckbunny_dcvcfm_3840x2160_q63.mkv"
}