{
    "mean_musiq": 27.939489364624023,
    "mean_musiq_cc": 32.37641525268555,
    "video": "../NVC/encoded/bigbuckbunny_dcvcrt_1280x720_q17.mkv"
}