{
    "mean_musiq": 33.31191635131836,
    "mean_musiq_cc": 40.17212677001953,
    "video": "../NVC/encoded/bigbuckbunny_av1_1920x1080_q55.mkv"
}