{
    "mean_musiq": 35.43620681762695,
    "mean_musiq_cc": 38.640464782714844,
    "video": "../NVC/encoded/bigbuckbunny_vvc_1920x1080_q36.mkv"
}