{
    "mean_musiq": 30.40435791015625,
    "mean_musiq_cc": 35.14611053466797,
    "video": "../NVC/encoded/bigbuckbunny_dcvcfm_1280x720_q25.mkv"
}