{
    "mean_musiq": 43.619903564453125,
    "mean_musiq_cc": 47.819942474365234,
    "video": "../NVC/encoded/bigbuckbunny_dcvcfm_3840x2160_q43.mkv"
}