{
    "mean_musiq": 32.15555191040039,
    "mean_musiq_cc": 36.183082580566406,
    "video": "../NVC/encoded/bigbuckbunny_vvc_1280x720_q32.mkv"
}