{
    "mean_musiq": 42.926753997802734,
    "mean_musiq_cc": 50.40784454345703,
    "video": "../NVC/encoded/bigbuckbunny_av1_3840x2160_q31.mkv"
}