{
    "mean_musiq": 40.386634826660156,
    "mean_musiq_cc": 45.520965576171875,
    "video": "../NVC/encoded/bigbuckbunny_vvc_3840x2160_q34.mkv"
}