{
    "mean_musiq": 43.08458709716797,
    "mean_musiq_cc": 48.791847229003906,
    "video": "../NVC/encoded/bigbuckbunny_dcvcrt_3840x2160_q39.mkv"
}