{
    "mean_musiq": 24.062633514404297,
    "mean_musiq_cc": 26.19338607788086,
    "video": "../NVC/encoded/bigbuckbunny_dcvcfm_640x360_q38.mkv"
}