{
    "mean_musiq": 31.198904037475586,
    "mean_musiq_cc": 36.824241638183594,
    "video": "../NVC/encoded/bigbuckbunny_dcvcrt_1920x1080_q10.mkv"
}