{
    "mean_musiq": 40.43483352661133,
    "mean_musiq_cc": 45.28030014038086,
    "video": "../NVC/encoded/bigbuckbunny_dcvcfm_3840x2160_q26.mkv"
}