{
    "mean_musiq": 31.2159366607666,
    "mean_musiq_cc": 34.229740142822266,
    "video": "../NVC/encoded/bigbuckbunny_vvc_1920x1080_q45.mkv"
}