{
    "mean_musiq": 37.12257766723633,
    "mean_musiq_cc": 40.28778076171875,
    "video": "../NVC/encoded/bigbuckbunny_vvc_3840x2160_q42.mkv"
}