{
    "mean_musiq": 21.98733139038086,
    "mean_musiq_cc": 23.587772369384766,
    "video": "../NVC/encoded/bigbuckbunny_av1_640x360_q54.mkv"
}