{
    "mean_musiq": 33.56896209716797,
    "mean_musiq_cc": 38.731895446777344,
    "video": "../NVC/encoded/bigbuckbunny_dcvcfm_1280x720_q46.mkv"
}