{
    "mean_musiq": 23.384479522705078,
    "mean_musiq_cc": 24.83477020263672,
    "video": "../NVC/encoded/bigbuckbunny_vvc_640x360_q34.mkv"
}