{
    "mean_musiq": 37.560302734375,
    "mean_musiq_cc": 43.32156753540039,
    "video": "../NVC/encoded/bigbuckbunny_vvc_1920x1080_q27.mkv"
}