{
    "mean_musiq": 32.5787239074707,
    "mean_musiq_cc": 39.12459182739258,
    "video": "../NVC/encoded/bigbuckbunny_dcvcfm_1920x1080_q18.mkv"
}