{
    "mean_musiq": 37.301979064941406,
    "mean_musiq_cc": 45.21951675415039,
    "video": "../NVC/encoded/bigbuckbunny_av1_1920x1080_q36.mkv"
}