{
    "mean_musiq": 43.59467315673828,
    "mean_musiq_cc": 51.34941482543945,
    "video": "../NVC/encoded/bigbuckbunny_dcvcrt_3840x2160_q63.mkv"
}