{
    "mean_musiq": 32.08863830566406,
    "mean_musiq_cc": 38.17730712890625,
    "video": "../NVC/encoded/bigbuckbunny_dcvcrt_1280x720_q42.mkv"
}