{
    "mean_musiq": 37.54770278930664,
    "mean_musiq_cc": 42.78510665893555,
    "video": "../NVC/encoded/bigbuckbunny_dcvcfm_1920x1080_q37.mkv"
}