{
    "mean_musiq": 36.36078643798828,
    "mean_musiq_cc": 42.172264099121094,
    "video": "../NVC/encoded/bigbuckbunny_av1_3840x2160_q61.mkv"
}