{
    "mean_musiq": 37.954429626464844,
    "mean_musiq_cc": 44.793643951416016,
    "video": "../NVC/encoded/bigbuckbunny_dcvcrt_1920x1080_q58.mkv"
}