{
    "mean_musiq": 43.300933837890625,
    "mean_musiq_cc": 50.59083557128906,
    "video": "../NVC/encoded/bigbuckbunny_vvc_3840x2160_q25.mkv"
}