{
    "mean_musiq": 39.91997528076172,
    "mean_musiq_cc": 46.049190521240234,
    "video": "../NVC/encoded/bigbuckbunny_av1_3840x2160_q50.mkv"
}