{
    "mean_musiq": 17.28424835205078,
    "mean_musiq_cc": 19.12796401977539,
    "video": "../NVC/encoded/daydreamer_dcvcrt_1280x720_q17.mkv"
}