{
    "mean_musiq": 21.77220344543457,
    "mean_musiq_cc": 19.854103088378906,
    "video": "../NVC/encoded/daydreamer_dcvcfm_1920x1080_q59.mkv"
}