{
    "mean_musiq": 21.35938835144043,
    "mean_musiq_cc": 19.451030731201172,
    "video": "../NVC/encoded/daydreamer_av1_1280x720_q48.mkv"
}