{
    "mean_musiq": 21.016796112060547,
    "mean_musiq_cc": 19.094995498657227,
    "video": "../NVC/encoded/daydreamer_dcvcrt_1920x1080_q58.mkv"
}