{
    "mean_musiq": 21.498916625976562,
    "mean_musiq_cc": 18.229202270507812,
    "video": "../NVC/encoded/daydreamer_av1_3840x2160_q61.mkv"
}