{
    "mean_musiq": 21.525236129760742,
    "mean_musiq_cc": 18.68450164794922,
    "video": "../NVC/encoded/daydreamer_vvc_1920x1080_q36.mkv"
}