{
    "mean_musiq": 22.242298126220703,
    "mean_musiq_cc": 18.554637908935547,
    "video": "../NVC/encoded/daydreamer_vvc_1920x1080_q27.mkv"
}