{
    "mean_musiq": 17.28261947631836,
    "mean_musiq_cc": 18.64752769470215,
    "video": "../NVC/encoded/daydreamer_dcvcrt_1920x1080_q10.mkv"
}