{
    "mean_musiq": 21.67551612854004,
    "mean_musiq_cc": 18.717330932617188,
    "video": "../NVC/encoded/daydreamer_av1_3840x2160_q50.mkv"
}