{
    "mean_musiq": 20.27760124206543,
    "mean_musiq_cc": 18.866806030273438,
    "video": "../NVC/encoded/daydreamer_dcvcrt_1920x1080_q32.mkv"
}