{
    "mean_musiq": 17.740385055541992,
    "mean_musiq_cc": 18.79149055480957,
    "video": "../NVC/encoded/daydreamer_vvc_1920x1080_q45.mkv"
}