{
    "mean_musiq": 20.414793014526367,
    "mean_musiq_cc": 19.53091049194336,
    "video": "../NVC/encoded/daydreamer_dcvcrt_1280x720_q42.mkv"
}