{
    "mean_musiq": 21.59441375732422,
    "mean_musiq_cc": 20.06980323791504,
    "video": "../NVC/encoded/daydreamer_dcvcfm_3840x2160_q43.mkv"
}