{
    "mean_musiq": 17.97821044921875,
    "mean_musiq_cc": 19.74420738220215,
    "video": "../NVC/encoded/daydreamer_vvc_1280x720_q41.mkv"
}