{
    "mean_musiq": 21.51712417602539,
    "mean_musiq_cc": 18.288087844848633,
    "video": "../NVC/encoded/daydreamer_av1_3840x2160_q31.mkv"
}