{
    "mean_musiq": 19.868270874023438,
    "mean_musiq_cc": 19.215789794921875,
    "video": "../NVC/encoded/daydreamer_dcvcrt_3840x2160_q19.mkv"
}