{
    "mean_musiq": 21.129352569580078,
    "mean_musiq_cc": 19.494400024414062,
    "video": "../NVC/encoded/daydreamer_dcvcfm_3840x2160_q63.mkv"
}