{
    "mean_musiq": 21.803043365478516,
    "mean_musiq_cc": 18.814407348632812,
    "video": "../NVC/encoded/daydreamer_vvc_3840x2160_q25.mkv"
}