{
    "mean_musiq": 18.51319122314453,
    "mean_musiq_cc": 19.563426971435547,
    "video": "../NVC/encoded/daydreamer_av1_1280x720_q61.mkv"
}