{
    "mean_musiq": 21.03676414489746,
    "mean_musiq_cc": 19.616680145263672,
    "video": "../NVC/encoded/daydreamer_dcvcfm_1280x720_q46.mkv"
}