{
    "mean_musiq": 20.684844970703125,
    "mean_musiq_cc": 19.204105377197266,
    "video": "../NVC/encoded/daydreamer_dcvcrt_3840x2160_q63.mkv"
}