{
    "mean_musiq": 17.73299789428711,
    "mean_musiq_cc": 19.082578659057617,
    "video": "../NVC/encoded/daydreamer_av1_640x360_q54.mkv"
}