{
    "mean_musiq": 22.044864654541016,
    "mean_musiq_cc": 18.953174591064453,
    "video": "../NVC/encoded/daydreamer_av1_1920x1080_q36.mkv"
}