{
    "mean_musiq": 21.745555877685547,
    "mean_musiq_cc": 19.31064224243164,
    "video": "../NVC/encoded/daydreamer_vvc_1280x720_q32.mkv"
}