{
    "mean_musiq": 19.5119571685791,
    "mean_musiq_cc": 19.96493911743164,
    "video": "../NVC/encoded/daydreamer_dcvcfm_3840x2160_q26.mkv"
}