{
    "mean_musiq": 21.263381958007812,
    "mean_musiq_cc": 18.55288314819336,
    "video": "../NVC/encoded/daydreamer_av1_1920x1080_q55.mkv"
}