{
    "mean_musiq": 18.619661331176758,
    "mean_musiq_cc": 19.20454216003418,
    "video": "../NVC/encoded/daydreamer_vvc_640x360_q34.mkv"
}