{
    "mean_musiq": 20.795310974121094,
    "mean_musiq_cc": 19.964466094970703,
    "video": "../NVC/encoded/daydreamer_dcvcrt_3840x2160_q39.mkv"
}