{
    "mean_musiq": 16.97304344177246,
    "mean_musiq_cc": 19.35569953918457,
    "video": "../NVC/encoded/daydreamer_dcvcfm_1920x1080_q18.mkv"
}