{
    "mean_musiq": 17.63982391357422,
    "mean_musiq_cc": 19.3709659576416,
    "video": "../NVC/encoded/daydreamer_dcvcrt_640x360_q34.mkv"
}