{
    "mean_musiq": 21.4523983001709,
    "mean_musiq_cc": 18.821701049804688,
    "video": "../NVC/encoded/daydreamer_vvc_3840x2160_q34.mkv"
}