{
    "mean_musiq": 20.41226577758789,
    "mean_musiq_cc": 19.588821411132812,
    "video": "../NVC/encoded/daydreamer_dcvcfm_1920x1080_q37.mkv"
}