{
    "mean_musiq": 17.326398849487305,
    "mean_musiq_cc": 19.816848754882812,
    "video": "../NVC/encoded/daydreamer_dcvcfm_1280x720_q25.mkv"
}