{
    "mean_musiq": 17.902137756347656,
    "mean_musiq_cc": 17.652217864990234,
    "video": "../NVC/encoded/daydreamer_av1_1920x1080_q63.mkv"
}