{
    "mean_musiq": 17.442523956298828,
    "mean_musiq_cc": 19.869510650634766,
    "video": "../NVC/encoded/daydreamer_dcvcfm_640x360_q38.mkv"
}