{
    "mean_musiq": 20.31689453125,
    "mean_musiq_cc": 19.240676879882812,
    "video": "../NVC/encoded/daydreamer_vvc_3840x2160_q42.mkv"
}