{
    "mean_musiq": 17.868610382080078,
    "mean_musiq_cc": 19.526973724365234,
    "video": "../NVC/encoded/giftmord_dcvcrt_1280x720_q17.mkv"
}