{
    "mean_musiq": 22.46607780456543,
    "mean_musiq_cc": 22.545913696289062,
    "video": "../NVC/encoded/giftmord_dcvcrt_3840x2160_q19.mkv"
}