{
    "mean_musiq": 21.137760162353516,
    "mean_musiq_cc": 20.860145568847656,
    "video": "../NVC/encoded/giftmord_dcvcfm_1280x720_q46.mkv"
}