{
    "mean_musiq": 18.519977569580078,
    "mean_musiq_cc": 20.54503631591797,
    "video": "../NVC/encoded/giftmord_dcvcrt_1920x1080_q10.mkv"
}