{
    "mean_musiq": 19.72528076171875,
    "mean_musiq_cc": 20.66439437866211,
    "video": "../NVC/encoded/giftmord_av1_3840x2160_q61.mkv"
}