{
    "mean_musiq": 24.653987884521484,
    "mean_musiq_cc": 24.01719093322754,
    "video": "../NVC/encoded/giftmord_dcvcfm_3840x2160_q43.mkv"
}