{
    "mean_musiq": 15.2867431640625,
    "mean_musiq_cc": 17.783641815185547,
    "video": "../NVC/encoded/giftmord_av1_640x360_q54.mkv"
}