{
    "mean_musiq": 23.968523025512695,
    "mean_musiq_cc": 23.774864196777344,
    "video": "../NVC/encoded/giftmord_dcvcfm_1920x1080_q59.mkv"
}