{
    "mean_musiq": 24.711715698242188,
    "mean_musiq_cc": 23.518150329589844,
    "video": "../NVC/encoded/giftmord_dcvcrt_3840x2160_q39.mkv"
}