{
    "mean_musiq": 17.941165924072266,
    "mean_musiq_cc": 19.98746109008789,
    "video": "../NVC/encoded/giftmord_dcvcfm_1280x720_q25.mkv"
}