{
    "mean_musiq": 23.260061264038086,
    "mean_musiq_cc": 22.019384384155273,
    "video": "../NVC/encoded/giftmord_av1_3840x2160_q31.mkv"
}