{
    "mean_musiq": 16.457429885864258,
    "mean_musiq_cc": 18.940811157226562,
    "video": "../NVC/encoded/giftmord_vvc_1280x720_q41.mkv"
}