{
    "mean_musiq": 18.78241729736328,
    "mean_musiq_cc": 21.22201156616211,
    "video": "../NVC/encoded/giftmord_dcvcfm_1920x1080_q18.mkv"
}