{
    "mean_musiq": 22.236888885498047,
    "mean_musiq_cc": 21.066543579101562,
    "video": "../NVC/encoded/giftmord_av1_3840x2160_q50.mkv"
}