{
    "mean_musiq": 21.749492645263672,
    "mean_musiq_cc": 22.22602081298828,
    "video": "../NVC/encoded/giftmord_vvc_1920x1080_q27.mkv"
}