{
    "mean_musiq": 16.28232192993164,
    "mean_musiq_cc": 19.178546905517578,
    "video": "../NVC/encoded/giftmord_av1_1920x1080_q63.mkv"
}