{
    "mean_musiq": 15.765233993530273,
    "mean_musiq_cc": 17.148651123046875,
    "video": "../NVC/encoded/giftmord_vvc_640x360_q34.mkv"
}