{
    "mean_musiq": 21.866567611694336,
    "mean_musiq_cc": 21.186960220336914,
    "video": "../NVC/encoded/giftmord_av1_1920x1080_q36.mkv"
}