{
    "mean_musiq": 23.015209197998047,
    "mean_musiq_cc": 22.010169982910156,
    "video": "../NVC/encoded/giftmord_dcvcfm_3840x2160_q26.mkv"
}