{
    "mean_musiq": 16.660505294799805,
    "mean_musiq_cc": 18.949302673339844,
    "video": "../NVC/encoded/giftmord_dcvcfm_640x360_q38.mkv"
}