{
    "mean_musiq": 22.101158142089844,
    "mean_musiq_cc": 21.692424774169922,
    "video": "../NVC/encoded/giftmord_dcvcfm_1920x1080_q37.mkv"
}