{
    "mean_musiq": 26.86566925048828,
    "mean_musiq_cc": 24.592649459838867,
    "video": "../NVC/encoded/giftmord_dcvcrt_3840x2160_q63.mkv"
}