{
    "mean_musiq": 23.714813232421875,
    "mean_musiq_cc": 23.638214111328125,
    "video": "../NVC/encoded/giftmord_dcvcrt_1920x1080_q58.mkv"
}