{
    "mean_musiq": 16.982467651367188,
    "mean_musiq_cc": 17.92162322998047,
    "video": "../NVC/encoded/giftmord_dcvcrt_640x360_q34.mkv"
}