{
    "mean_musiq": 21.656518936157227,
    "mean_musiq_cc": 21.466936111450195,
    "video": "../NVC/encoded/giftmord_vvc_3840x2160_q34.mkv"
}