{
    "mean_musiq": 19.24751853942871,
    "mean_musiq_cc": 19.77104949951172,
    "video": "../NVC/encoded/giftmord_vvc_1920x1080_q36.mkv"
}