{
    "mean_musiq": 19.21022605895996,
    "mean_musiq_cc": 19.317903518676758,
    "video": "../NVC/encoded/giftmord_av1_1920x1080_q55.mkv"
}