{
    "mean_musiq": 18.899240493774414,
    "mean_musiq_cc": 19.466995239257812,
    "video": "../NVC/encoded/giftmord_av1_1280x720_q48.mkv"
}