{
    "mean_musiq": 16.072040557861328,
    "mean_musiq_cc": 18.297706604003906,
    "video": "../NVC/encoded/giftmord_av1_1280x720_q61.mkv"
}