{
    "mean_musiq": 21.25127410888672,
    "mean_musiq_cc": 21.385290145874023,
    "video": "../NVC/encoded/giftmord_dcvcrt_1920x1080_q32.mkv"
}