{
    "mean_musiq": 24.222579956054688,
    "mean_musiq_cc": 22.899417877197266,
    "video": "../NVC/encoded/giftmord_vvc_3840x2160_q25.mkv"
}