{
    "mean_musiq": 18.923723220825195,
    "mean_musiq_cc": 20.000553131103516,
    "video": "../NVC/encoded/giftmord_vvc_1280x720_q32.mkv"
}