{
    "mean_musiq": 19.213951110839844,
    "mean_musiq_cc": 19.43695068359375,
    "video": "../NVC/encoded/giftmord_vvc_3840x2160_q42.mkv"
}