{
    "mean_musiq": 16.813961029052734,
    "mean_musiq_cc": 18.71807098388672,
    "video": "../NVC/encoded/giftmord_vvc_1920x1080_q45.mkv"
}