{
    "mean_musiq": 26.06688690185547,
    "mean_musiq_cc": 24.322254180908203,
    "video": "../NVC/encoded/giftmord_dcvcfm_3840x2160_q63.mkv"
}