{
    "mean_musiq": 20.007728576660156,
    "mean_musiq_cc": 20.64232635498047,
    "video": "../NVC/encoded/giftmord_dcvcrt_1280x720_q42.mkv"
}