{
    "mean_musiq": 35.2385139465332,
    "mean_musiq_cc": 41.302181243896484,
    "video": "../NVC/encoded/sparks15_av1_3840x2160_q50.mkv"
}