{
    "mean_musiq": 21.202001571655273,
    "mean_musiq_cc": 21.412811279296875,
    "video": "../NVC/encoded/sparks15_dcvcfm_1920x1080_q18.mkv"
}