{
    "mean_musiq": 34.86918640136719,
    "mean_musiq_cc": 43.385292053222656,
    "video": "../NVC/encoded/sparks15_dcvcrt_3840x2160_q39.mkv"
}