{
    "mean_musiq": 26.260440826416016,
    "mean_musiq_cc": 31.861469268798828,
    "video": "../NVC/encoded/sparks15_dcvcfm_1920x1080_q37.mkv"
}