{
    "mean_musiq": 35.174339294433594,
    "mean_musiq_cc": 43.506656646728516,
    "video": "../NVC/encoded/sparks15_dcvcfm_3840x2160_q43.mkv"
}