{
    "mean_musiq": 18.79551887512207,
    "mean_musiq_cc": 19.58186149597168,
    "video": "../NVC/encoded/sparks15_dcvcrt_640x360_q34.mkv"
}