{
    "mean_musiq": 16.979045867919922,
    "mean_musiq_cc": 20.690784454345703,
    "video": "../NVC/encoded/sparks15_av1_1920x1080_q63.mkv"
}