{
    "mean_musiq": 25.12713623046875,
    "mean_musiq_cc": 27.448760986328125,
    "video": "../NVC/encoded/sparks15_vvc_1280x720_q32.mkv"
}