{
    "mean_musiq": 34.3702392578125,
    "mean_musiq_cc": 41.54343795776367,
    "video": "../NVC/encoded/sparks15_dcvcfm_1920x1080_q59.mkv"
}