{
    "mean_musiq": 22.52595329284668,
    "mean_musiq_cc": 23.524478912353516,
    "video": "../NVC/encoded/sparks15_dcvcfm_1280x720_q25.mkv"
}