{
    "mean_musiq": 39.64707946777344,
    "mean_musiq_cc": 51.09913635253906,
    "video": "../NVC/encoded/sparks15_av1_3840x2160_q31.mkv"
}