{
    "mean_musiq": 27.087982177734375,
    "mean_musiq_cc": 32.926246643066406,
    "video": "../NVC/encoded/sparks15_av1_3840x2160_q61.mkv"
}