{
    "mean_musiq": 22.705839157104492,
    "mean_musiq_cc": 21.556316375732422,
    "video": "../NVC/encoded/sparks15_dcvcrt_1920x1080_q10.mkv"
}