{
    "mean_musiq": 18.807153701782227,
    "mean_musiq_cc": 19.527973175048828,
    "video": "../NVC/encoded/sparks15_dcvcfm_640x360_q38.mkv"
}