{
    "mean_musiq": 18.096126556396484,
    "mean_musiq_cc": 20.340883255004883,
    "video": "../NVC/encoded/sparks15_vvc_640x360_q34.mkv"
}