{
    "mean_musiq": 23.914453506469727,
    "mean_musiq_cc": 26.092498779296875,
    "video": "../NVC/encoded/sparks15_dcvcrt_1280x720_q17.mkv"
}