{
    "mean_musiq": 33.870269775390625,
    "mean_musiq_cc": 42.46595764160156,
    "video": "../NVC/encoded/sparks15_dcvcrt_1920x1080_q58.mkv"
}