{
    "mean_musiq": 25.4711856842041,
    "mean_musiq_cc": 29.64665985107422,
    "video": "../NVC/encoded/sparks15_av1_1920x1080_q55.mkv"
}