{
    "mean_musiq": 25.381916046142578,
    "mean_musiq_cc": 31.312366485595703,
    "video": "../NVC/encoded/sparks15_dcvcrt_1920x1080_q32.mkv"
}