{
    "mean_musiq": 25.804336547851562,
    "mean_musiq_cc": 26.830368041992188,
    "video": "../NVC/encoded/sparks15_av1_1280x720_q48.mkv"
}