{
    "mean_musiq": 39.99329376220703,
    "mean_musiq_cc": 53.437355041503906,
    "video": "../NVC/encoded/sparks15_dcvcrt_3840x2160_q63.mkv"
}