{
    "mean_musiq": 35.63859939575195,
    "mean_musiq_cc": 40.792327880859375,
    "video": "../NVC/encoded/sparks15_vvc_3840x2160_q34.mkv"
}