{
    "mean_musiq": 16.6766414642334,
    "mean_musiq_cc": 20.528390884399414,
    "video": "../NVC/encoded/sparks15_av1_1280x720_q61.mkv"
}