{
    "mean_musiq": 27.791873931884766,
    "mean_musiq_cc": 34.38112258911133,
    "video": "../NVC/encoded/sparks15_dcvcfm_3840x2160_q26.mkv"
}