{
    "mean_musiq": 25.79047203063965,
    "mean_musiq_cc": 33.12867736816406,
    "video": "../NVC/encoded/sparks15_dcvcrt_3840x2160_q19.mkv"
}