{
    "mean_musiq": 26.904821395874023,
    "mean_musiq_cc": 29.72319984436035,
    "video": "../NVC/encoded/sparks15_dcvcrt_1280x720_q42.mkv"
}