{
    "mean_musiq": 34.97657012939453,
    "mean_musiq_cc": 39.265785217285156,
    "video": "../NVC/encoded/sparks15_av1_1920x1080_q36.mkv"
}