{
    "mean_musiq": 24.9488525390625,
    "mean_musiq_cc": 30.5240535736084,
    "video": "../NVC/encoded/sparks15_vvc_3840x2160_q42.mkv"
}