{
    "mean_musiq": 35.19889450073242,
    "mean_musiq_cc": 38.67778015136719,
    "video": "../NVC/encoded/sparks15_vvc_1920x1080_q27.mkv"
}