{
    "mean_musiq": 17.38518524169922,
    "mean_musiq_cc": 18.575443267822266,
    "video": "../NVC/encoded/sparks15_vvc_1920x1080_q45.mkv"
}