{
    "mean_musiq": 41.70064163208008,
    "mean_musiq_cc": 52.037437438964844,
    "video": "../NVC/encoded/sparks15_vvc_3840x2160_q25.mkv"
}