{
    "mean_musiq": 40.26361083984375,
    "mean_musiq_cc": 53.11128234863281,
    "video": "../NVC/encoded/sparks15_dcvcfm_3840x2160_q63.mkv"
}