{
    "mean_musiq": 27.85251808166504,
    "mean_musiq_cc": 29.990352630615234,
    "video": "../NVC/encoded/sparks15_dcvcfm_1280x720_q46.mkv"
}