{
    "mean_musiq": 16.548133850097656,
    "mean_musiq_cc": 19.427650451660156,
    "video": "../NVC/encoded/sparks15_av1_640x360_q54.mkv"
}