{
    "mean_musiq": 24.412006378173828,
    "mean_musiq_cc": 27.99993896484375,
    "video": "../NVC/encoded/sparks15_vvc_1920x1080_q36.mkv"
}