{
    "mean_musiq": 17.552814483642578,
    "mean_musiq_cc": 22.08456802368164,
    "video": "../NVC/encoded/sparks15_vvc_1280x720_q41.mkv"
}