{
    "mean_musiq": 23.562301635742188,
    "mean_musiq_cc": 26.862838745117188,
    "video": "../NVC/encoded/vegetables_vvc_1280x720_q32.mkv"
}