{
    "mean_musiq": 18.189136505126953,
    "mean_musiq_cc": 21.0841064453125,
    "video": "../NVC/encoded/vegetables_vvc_1920x1080_q45.mkv"
}