{
    "mean_musiq": 33.25086212158203,
    "mean_musiq_cc": 38.042022705078125,
    "video": "../NVC/encoded/vegetables_dcvcrt_3840x2160_q63.mkv"
}