{
    "mean_musiq": 23.56159019470215,
    "mean_musiq_cc": 26.631961822509766,
    "video": "../NVC/encoded/vegetables_av1_1280x720_q48.mkv"
}