{
    "mean_musiq": 31.889368057250977,
    "mean_musiq_cc": 37.18102264404297,
    "video": "../NVC/encoded/vegetables_dcvcrt_3840x2160_q39.mkv"
}