{
    "mean_musiq": 32.908451080322266,
    "mean_musiq_cc": 37.26154327392578,
    "video": "../NVC/encoded/vegetables_vvc_3840x2160_q25.mkv"
}