{
    "mean_musiq": 33.288475036621094,
    "mean_musiq_cc": 38.33336639404297,
    "video": "../NVC/encoded/vegetables_dcvcfm_3840x2160_q63.mkv"
}