{
    "mean_musiq": 18.484071731567383,
    "mean_musiq_cc": 19.815715789794922,
    "video": "../NVC/encoded/vegetables_vvc_1280x720_q41.mkv"
}