{
    "mean_musiq": 18.714380264282227,
    "mean_musiq_cc": 19.543376922607422,
    "video": "../NVC/encoded/vegetables_dcvcrt_1280x720_q17.mkv"
}