{
    "mean_musiq": 22.743282318115234,
    "mean_musiq_cc": 27.984088897705078,
    "video": "../NVC/encoded/vegetables_dcvcfm_1280x720_q46.mkv"
}