{
    "mean_musiq": 28.50676918029785,
    "mean_musiq_cc": 33.304351806640625,
    "video": "../NVC/encoded/vegetables_dcvcfm_3840x2160_q26.mkv"
}