{
    "mean_musiq": 17.279010772705078,
    "mean_musiq_cc": 18.562702178955078,
    "video": "../NVC/encoded/vegetables_dcvcfm_640x360_q38.mkv"
}