{
    "mean_musiq": 29.229848861694336,
    "mean_musiq_cc": 33.848915100097656,
    "video": "../NVC/encoded/vegetables_vvc_1920x1080_q27.mkv"
}