{
    "mean_musiq": 19.090984344482422,
    "mean_musiq_cc": 20.00899887084961,
    "video": "../NVC/encoded/vegetables_dcvcfm_1280x720_q25.mkv"
}