{
    "mean_musiq": 25.237760543823242,
    "mean_musiq_cc": 30.67807388305664,
    "video": "../NVC/encoded/vegetables_vvc_1920x1080_q36.mkv"
}