{
    "mean_musiq": 29.072917938232422,
    "mean_musiq_cc": 35.15800857543945,
    "video": "../NVC/encoded/vegetables_dcvcfm_1920x1080_q59.mkv"
}