{
    "mean_musiq": 16.864479064941406,
    "mean_musiq_cc": 19.442129135131836,
    "video": "../NVC/encoded/vegetables_av1_640x360_q54.mkv"
}