{
    "mean_musiq": 32.76024627685547,
    "mean_musiq_cc": 37.10255432128906,
    "video": "../NVC/encoded/vegetables_av1_3840x2160_q31.mkv"
}