{
    "mean_musiq": 29.19119644165039,
    "mean_musiq_cc": 34.09143829345703,
    "video": "../NVC/encoded/vegetables_av1_1920x1080_q36.mkv"
}