{
    "mean_musiq": 20.242225646972656,
    "mean_musiq_cc": 20.402847290039062,
    "video": "../NVC/encoded/vegetables_dcvcrt_1920x1080_q10.mkv"
}