{
    "mean_musiq": 26.021282196044922,
    "mean_musiq_cc": 32.17103576660156,
    "video": "../NVC/encoded/vegetables_vvc_3840x2160_q42.mkv"
}