{
    "mean_musiq": 25.397415161132812,
    "mean_musiq_cc": 31.942907333374023,
    "video": "../NVC/encoded/vegetables_dcvcfm_1920x1080_q37.mkv"
}