{
    "mean_musiq": 17.354389190673828,
    "mean_musiq_cc": 19.475637435913086,
    "video": "../NVC/encoded/vegetables_vvc_640x360_q34.mkv"
}