{
    "mean_musiq": 31.413745880126953,
    "mean_musiq_cc": 36.451820373535156,
    "video": "../NVC/encoded/vegetables_av1_3840x2160_q50.mkv"
}