{
    "mean_musiq": 28.45461082458496,
    "mean_musiq_cc": 32.783119201660156,
    "video": "../NVC/encoded/vegetables_av1_3840x2160_q61.mkv"
}