{
    "mean_musiq": 19.925457000732422,
    "mean_musiq_cc": 25.561847686767578,
    "video": "../NVC/encoded/vegetables_av1_1920x1080_q63.mkv"
}