{
    "mean_musiq": 25.512737274169922,
    "mean_musiq_cc": 31.024877548217773,
    "video": "../NVC/encoded/vegetables_dcvcrt_1920x1080_q32.mkv"
}