{
    "mean_musiq": 20.860511779785156,
    "mean_musiq_cc": 22.120071411132812,
    "video": "../NVC/encoded/vegetables_dcvcfm_1920x1080_q18.mkv"
}