{
    "mean_musiq": 19.56940460205078,
    "mean_musiq_cc": 23.510831832885742,
    "video": "../NVC/encoded/vegetables_av1_1280x720_q61.mkv"
}