{
    "mean_musiq": 17.1273136138916,
    "mean_musiq_cc": 18.85615348815918,
    "video": "../NVC/encoded/vegetables_dcvcrt_640x360_q34.mkv"
}