{
    "mean_musiq": 30.50189208984375,
    "mean_musiq_cc": 35.61126708984375,
    "video": "../NVC/encoded/vegetables_vvc_3840x2160_q34.mkv"
}