{
    "mean_musiq": 22.848134994506836,
    "mean_musiq_cc": 26.751087188720703,
    "video": "../NVC/encoded/vegetables_dcvcrt_1280x720_q42.mkv"
}