{
    "mean_musiq": 29.09395980834961,
    "mean_musiq_cc": 33.24028778076172,
    "video": "../NVC/encoded/vegetables_dcvcrt_3840x2160_q19.mkv"
}