{
    "mean_musiq": 28.604639053344727,
    "mean_musiq_cc": 34.12763214111328,
    "video": "../NVC/encoded/vegetables_dcvcrt_1920x1080_q58.mkv"
}