{
    "mean_musiq": 32.169105529785156,
    "mean_musiq_cc": 38.2972526550293,
    "video": "../NVC/encoded/vegetables_dcvcfm_3840x2160_q43.mkv"
}