{
    "mean_musiq": 26.060266494750977,
    "mean_musiq_cc": 31.21820640563965,
    "video": "../NVC/encoded/vegetables_av1_1920x1080_q55.mkv"
}