{
    "mean_musiq": 21.172916412353516,
    "mean_musiq_cc": 19.082868576049805,
    "video": "../NVC/encoded/water_vvc_640x360_q34.mkv"
}