{
    "mean_musiq": 27.144283294677734,
    "mean_musiq_cc": 20.55405044555664,
    "video": "../NVC/encoded/water_dcvcrt_1920x1080_q10.mkv"
}