{
    "mean_musiq": 36.00153350830078,
    "mean_musiq_cc": 30.0871639251709,
    "video": "../NVC/encoded/water_vvc_3840x2160_q25.mkv"
}