{
    "mean_musiq": 22.029727935791016,
    "mean_musiq_cc": 19.4757022857666,
    "video": "../NVC/encoded/water_dcvcrt_640x360_q34.mkv"
}