{
    "mean_musiq": 35.7851448059082,
    "mean_musiq_cc": 30.281396865844727,
    "video": "../NVC/encoded/water_dcvcrt_1920x1080_q58.mkv"
}