{
    "mean_musiq": 24.92564582824707,
    "mean_musiq_cc": 19.9664249420166,
    "video": "../NVC/encoded/water_dcvcrt_1280x720_q17.mkv"
}