{
    "mean_musiq": 25.90671157836914,
    "mean_musiq_cc": 20.638446807861328,
    "video": "../NVC/encoded/water_dcvcfm_1280x720_q25.mkv"
}