{
    "mean_musiq": 35.31913757324219,
    "mean_musiq_cc": 29.99289321899414,
    "video": "../NVC/encoded/water_dcvcfm_1920x1080_q59.mkv"
}