{
    "mean_musiq": 33.21808624267578,
    "mean_musiq_cc": 30.726003646850586,
    "video": "../NVC/encoded/water_dcvcfm_3840x2160_q43.mkv"
}