{
    "mean_musiq": 31.586383819580078,
    "mean_musiq_cc": 24.806968688964844,
    "video": "../NVC/encoded/water_dcvcfm_1280x720_q46.mkv"
}