{
    "mean_musiq": 30.757654190063477,
    "mean_musiq_cc": 23.48406982421875,
    "video": "../NVC/encoded/water_vvc_1920x1080_q36.mkv"
}