{
    "mean_musiq": 38.34464645385742,
    "mean_musiq_cc": 31.38479232788086,
    "video": "../NVC/encoded/water_dcvcrt_3840x2160_q63.mkv"
}