{
    "mean_musiq": 30.765905380249023,
    "mean_musiq_cc": 24.57427406311035,
    "video": "../NVC/encoded/water_dcvcrt_1280x720_q42.mkv"
}