{
    "mean_musiq": 30.981338500976562,
    "mean_musiq_cc": 23.817041397094727,
    "video": "../NVC/encoded/water_av1_1920x1080_q55.mkv"
}