{
    "mean_musiq": 31.885848999023438,
    "mean_musiq_cc": 26.172632217407227,
    "video": "../NVC/encoded/water_dcvcfm_3840x2160_q26.mkv"
}