{
    "mean_musiq": 27.9027099609375,
    "mean_musiq_cc": 24.11540985107422,
    "video": "../NVC/encoded/water_vvc_3840x2160_q42.mkv"
}