{
    "mean_musiq": 33.45132827758789,
    "mean_musiq_cc": 27.4508056640625,
    "video": "../NVC/encoded/water_av1_3840x2160_q50.mkv"
}