{
    "mean_musiq": 22.263652801513672,
    "mean_musiq_cc": 19.039714813232422,
    "video": "../NVC/encoded/water_dcvcfm_640x360_q38.mkv"
}