{
    "mean_musiq": 23.820703506469727,
    "mean_musiq_cc": 19.17035675048828,
    "video": "../NVC/encoded/water_vvc_1280x720_q41.mkv"
}