{
    "mean_musiq": 36.01762390136719,
    "mean_musiq_cc": 29.616830825805664,
    "video": "../NVC/encoded/water_av1_3840x2160_q31.mkv"
}