{
    "mean_musiq": 24.724285125732422,
    "mean_musiq_cc": 20.75697898864746,
    "video": "../NVC/encoded/water_av1_1280x720_q61.mkv"
}