{
    "mean_musiq": 32.908660888671875,
    "mean_musiq_cc": 24.99294662475586,
    "video": "../NVC/encoded/water_dcvcfm_1920x1080_q37.mkv"
}