{
    "mean_musiq": 25.18321990966797,
    "mean_musiq_cc": 21.53750228881836,
    "video": "../NVC/encoded/water_av1_1920x1080_q63.mkv"
}