{
    "mean_musiq": 31.707809448242188,
    "mean_musiq_cc": 26.65877914428711,
    "video": "../NVC/encoded/water_dcvcrt_3840x2160_q19.mkv"
}