{
    "mean_musiq": 33.18490982055664,
    "mean_musiq_cc": 27.237895965576172,
    "video": "../NVC/encoded/water_av1_1920x1080_q36.mkv"
}