{
    "mean_musiq": 37.52077102661133,
    "mean_musiq_cc": 30.29913902282715,
    "video": "../NVC/encoded/water_dcvcfm_3840x2160_q63.mkv"
}