{
    "mean_musiq": 31.5133056640625,
    "mean_musiq_cc": 27.03666114807129,
    "video": "../NVC/encoded/water_vvc_3840x2160_q34.mkv"
}