{
    "mean_musiq": 31.044906616210938,
    "mean_musiq_cc": 24.18697166442871,
    "video": "../NVC/encoded/water_av1_3840x2160_q61.mkv"
}