{
    "mean_musiq": 27.730194091796875,
    "mean_musiq_cc": 21.296253204345703,
    "video": "../NVC/encoded/water_dcvcfm_1920x1080_q18.mkv"
}