{
    "mean_musiq": 30.306081771850586,
    "mean_musiq_cc": 23.6435546875,
    "video": "../NVC/encoded/water_av1_1280x720_q48.mkv"
}