{
    "mean_musiq": 30.47102928161621,
    "mean_musiq_cc": 23.441761016845703,
    "video": "../NVC/encoded/water_vvc_1280x720_q32.mkv"
}