{
    "mean_musiq": 20.739965438842773,
    "mean_musiq_cc": 19.910709381103516,
    "video": "../NVC/encoded/water_av1_640x360_q54.mkv"
}