{
    "mean_musiq": 32.846622467041016,
    "mean_musiq_cc": 26.0274600982666,
    "video": "../NVC/encoded/water_dcvcrt_1920x1080_q32.mkv"
}