{
    "mean_musiq": 25.079439163208008,
    "mean_musiq_cc": 20.18599510192871,
    "video": "../NVC/encoded/water_vvc_1920x1080_q45.mkv"
}