{
    "mean_musiq": 33.84297561645508,
    "mean_musiq_cc": 26.78765296936035,
    "video": "../NVC/encoded/water_vvc_1920x1080_q27.mkv"
}