{
    "mean_musiq": 34.206695556640625,
    "mean_musiq_cc": 30.542316436767578,
    "video": "../NVC/encoded/water_dcvcrt_3840x2160_q39.mkv"
}